#ifndef __QY_ASCII_FONT_H__
#define __QY_ASCII_FONT_H__
//QY是秦羽的缩写

/*	填充方向:+------------>
 *			|			 x
 *			|	1  2  3
 *			|	|  |  |
 *			|	|  |  |
 *			|	V  V  V
 *			v y
 *	PCtoLCD2002中 设置  阴码 逐列式 逆向(低位在前) 
 *				————2025/8/8-16:03
 */
/*	命名是font_ASCII(ascii偏移32位)/PIC(图片)_字体名称_高宽
 */
/*	当前库里有
	//Pixel LCD-7
	//测试发现这个字体的字母只有大写没有小写
const char font_ASCII_PIXEL_2412[][36];
const char font_ASCII_PIXEL_3216[][64];
	//NI7SEG
	//发现这个字体的字母也只有大写
const char font_ASCII_NI7SEG_2412[][36];
const char font_ASCII_NI7SEG_3216[][64];
	//MS Gothic
const char font_ASCII_Gothic_2412[][36];
const char font_ASCII_Gothic_3216[][64];
 */

//Pixel LCD-7
const char font_ASCII_PIXEL_2412[][36]={
{0x00,0x00,0x00,0x00,0x00,0x00,0x00,0x00,0x00,0x00,0x00,0x00,0x00,0x00,0x00,0x00,0x00,0x00,0x00,0x00,0x00,0x00,0x00,0x00,0x00,0x00,0x00,0x00,0x00,0x00,0x00,0x00,0x00,0x00,0x00,0x00},/*" ",0*/
{0x00,0x00,0x00,0x00,0x00,0x00,0x00,0x00,0x00,0x00,0x00,0x00,0xF8,0xFF,0x3C,0xFC,0xFF,0x3C,0x00,0x00,0x00,0x00,0x00,0x00,0x00,0x00,0x00,0x00,0x00,0x00,0x00,0x00,0x00,0x00,0x00,0x00},/*"!",1*/
{0x00,0x00,0x00,0x00,0x00,0x00,0xFC,0x00,0x00,0x38,0x00,0x00,0x00,0x00,0x00,0x00,0x00,0x00,0x38,0x00,0x00,0xFC,0x00,0x00,0x38,0x00,0x00,0x00,0x00,0x00,0x00,0x00,0x00,0x00,0x00,0x00},/*""",2*/
{0x00,0x00,0x00,0xE0,0x81,0x03,0xD8,0x7E,0x1D,0xF8,0xFF,0x1F,0xD8,0x7E,0x1D,0xE0,0x81,0x03,0xE0,0x81,0x03,0xD8,0x7E,0x1D,0xF8,0xFF,0x1F,0xD8,0x7E,0x1D,0xE0,0x81,0x03,0x00,0x00,0x00},/*"#",3*/
{0x00,0x00,0x00,0xF0,0x07,0x30,0xE8,0x0B,0x3C,0x1C,0x3C,0x3C,0x1C,0x3C,0x3C,0xDC,0xBD,0x3D,0x1C,0x3C,0x3C,0x1C,0x3C,0x3C,0x1C,0xC8,0x13,0x1C,0xF0,0x0F,0x00,0x00,0x00,0x00,0x00,0x00},/*"$",4*/
{0x00,0x00,0x00,0xE0,0x03,0x1E,0x10,0x84,0x0F,0xF0,0xC7,0x03,0xE0,0xF3,0x01,0x00,0xC8,0x00,0x00,0x3E,0x1F,0x00,0x8F,0x3F,0xC0,0x87,0x20,0xE0,0x83,0x3F,0x00,0x00,0x00,0x00,0x00,0x00},/*"%",5*/
{0x00,0x00,0x00,0xF8,0xF7,0x1F,0xEC,0xCB,0x33,0x1C,0x3C,0x3C,0x1C,0x3C,0x3C,0x1C,0x3C,0x3C,0xEC,0xCB,0x33,0xF4,0xF7,0x2F,0xF8,0xCB,0x13,0x00,0x3C,0x3C,0x00,0x3C,0x3C,0x00,0x00,0x00},/*"&",6*/
{0x00,0x00,0x00,0x00,0x00,0x00,0x00,0x00,0x00,0x00,0x00,0x00,0x38,0x00,0x00,0xFC,0x00,0x00,0x00,0x00,0x00,0x00,0x00,0x00,0x00,0x00,0x00,0x00,0x00,0x00,0x00,0x00,0x00,0x00,0x00,0x00},/*"'",7*/
{0x00,0xFF,0x00,0xF8,0x7E,0x1F,0xEC,0xC3,0x33,0x1C,0x00,0x3C,0x0C,0x00,0x30,0x04,0x00,0x20,0x00,0x00,0x00,0x00,0x00,0x00,0x00,0x00,0x00,0x00,0x00,0x00,0x00,0x00,0x00,0x00,0x00,0x00},/*"(",8*/
{0x00,0x00,0x00,0x00,0x00,0x00,0x00,0x00,0x00,0x00,0x00,0x00,0x00,0x00,0x00,0x00,0x00,0x00,0x0C,0x00,0x30,0x1C,0x00,0x3C,0xEC,0xC3,0x33,0xFC,0xBD,0x3F,0x00,0xFF,0x00,0x00,0x00,0x00},/*")",9*/
{0x00,0x00,0x00,0x00,0x00,0x00,0xE0,0xBD,0x03,0xC0,0xBD,0x01,0x00,0x3C,0x00,0xE0,0xFF,0x03,0xC0,0xCB,0x01,0x00,0x3C,0x00,0xC0,0xBD,0x01,0xE0,0xBD,0x03,0x00,0x00,0x00,0x00,0x00,0x00},/*"*",10*/
{0x00,0x00,0x00,0x00,0x00,0x00,0x00,0x3C,0x00,0x00,0x3C,0x00,0x00,0x3C,0x00,0xE0,0xFF,0x03,0xC0,0xCB,0x01,0x00,0x3C,0x00,0x00,0x3C,0x00,0x00,0x3C,0x00,0x00,0x00,0x00,0x00,0x00,0x00},/*"+",11*/
{0x00,0x00,0x00,0x00,0x00,0x00,0x00,0x00,0x00,0x00,0x00,0x00,0x00,0x00,0x00,0x00,0x00,0x1C,0x00,0x00,0x60,0x00,0x00,0x00,0x00,0x00,0x00,0x00,0x00,0x00,0x00,0x00,0x00,0x00,0x00,0x00},/*",",12*/
{0x00,0x00,0x00,0x00,0x00,0x00,0x00,0x08,0x00,0x00,0x3C,0x00,0x00,0x3C,0x00,0x00,0x3C,0x00,0x00,0x3C,0x00,0x00,0x3C,0x00,0x00,0x08,0x00,0x00,0x00,0x00,0x00,0x00,0x00,0x00,0x00,0x00},/*"-",13*/
{0x00,0x00,0x00,0x00,0x00,0x00,0x00,0x00,0x00,0x00,0x00,0x00,0x00,0x00,0x00,0x00,0x00,0x1C,0x00,0x00,0x00,0x00,0x00,0x00,0x00,0x00,0x00,0x00,0x00,0x00,0x00,0x00,0x00,0x00,0x00,0x00},/*".",14*/
{0x00,0x00,0x00,0x00,0x00,0x0F,0x00,0xC0,0x03,0x00,0xF0,0x01,0x00,0xF8,0x00,0x00,0x74,0x00,0x00,0x0F,0x00,0xC0,0x07,0x00,0xE0,0x03,0x00,0xF0,0x01,0x00,0x00,0x00,0x00,0x00,0x00,0x00},/*"/",15*/
{0x00,0x00,0x00,0xF8,0xF7,0x1F,0xEC,0xC3,0x33,0x1C,0x00,0x3C,0x1C,0x00,0x3C,0x1C,0x00,0x3C,0x1C,0x00,0x3C,0x1C,0x00,0x3C,0xEC,0xC3,0x33,0xFC,0xF7,0x3F,0x00,0x00,0x00,0x00,0x00,0x00},/*"0",16*/
{0x00,0x00,0x00,0x00,0x00,0x00,0x00,0x00,0x00,0x00,0x00,0x00,0x00,0x00,0x00,0x00,0x00,0x00,0x00,0x00,0x00,0x00,0x00,0x00,0xF0,0xC3,0x0F,0xFC,0xF7,0x3F,0x00,0x00,0x00,0x00,0x00,0x00},/*"1",17*/
{0x00,0x00,0x00,0x04,0xF0,0x1F,0x1C,0xC8,0x33,0x1C,0x3C,0x3C,0x1C,0x3C,0x3C,0x1C,0x3C,0x3C,0x1C,0x3C,0x3C,0x1C,0x3C,0x3C,0xEC,0x0B,0x3C,0xFC,0x07,0x30,0x00,0x00,0x00,0x00,0x00,0x00},/*"2",18*/
{0x00,0x00,0x00,0x04,0x00,0x20,0x1C,0x08,0x3C,0x1C,0x3C,0x3C,0x1C,0x3C,0x3C,0x1C,0x3C,0x3C,0x1C,0x3C,0x3C,0x1C,0x3C,0x3C,0xEC,0xCB,0x33,0xFC,0xF7,0x3F,0x00,0x00,0x00,0x00,0x00,0x00},/*"3",19*/
{0x00,0x00,0x00,0xFC,0x07,0x00,0xF0,0x0B,0x00,0x00,0x3C,0x00,0x00,0x3C,0x00,0x00,0x3C,0x00,0x00,0x3C,0x00,0x00,0x3C,0x00,0xF0,0xCB,0x0F,0xFC,0xF7,0x3F,0x00,0x00,0x00,0x00,0x00,0x00},/*"4",20*/
{0x00,0x00,0x00,0xF8,0x07,0x20,0xEC,0x0B,0x3C,0x1C,0x3C,0x3C,0x1C,0x3C,0x3C,0x1C,0x3C,0x3C,0x1C,0x3C,0x3C,0x1C,0x3C,0x3C,0x1C,0xC8,0x33,0x0C,0xF0,0x3F,0x00,0x00,0x00,0x00,0x00,0x00},/*"5",21*/
{0x00,0x00,0x00,0xF8,0xF7,0x1F,0xEC,0xCB,0x33,0x1C,0x3C,0x3C,0x1C,0x3C,0x3C,0x1C,0x3C,0x3C,0x1C,0x3C,0x3C,0x1C,0x3C,0x3C,0x0C,0xC8,0x33,0x04,0xF0,0x3F,0x00,0x00,0x00,0x00,0x00,0x00},/*"6",22*/
{0x00,0x00,0x00,0xF8,0x07,0x00,0xEC,0x03,0x00,0x1C,0x00,0x00,0x1C,0x00,0x00,0x1C,0x00,0x00,0x1C,0x00,0x00,0x1C,0x00,0x00,0xEC,0xC3,0x0F,0xFC,0xF7,0x3F,0x00,0x00,0x00,0x00,0x00,0x00},/*"7",23*/
{0x00,0x00,0x00,0xF8,0xF7,0x1F,0xEC,0xCB,0x33,0x1C,0x3C,0x3C,0x1C,0x3C,0x3C,0x1C,0x3C,0x3C,0x1C,0x3C,0x3C,0x1C,0x3C,0x3C,0xEC,0xCB,0x33,0xFC,0xF7,0x3F,0x00,0x00,0x00,0x00,0x00,0x00},/*"8",24*/
{0x00,0x00,0x00,0xF8,0x07,0x00,0xEC,0x0B,0x30,0x1C,0x3C,0x3C,0x1C,0x3C,0x3C,0x1C,0x3C,0x3C,0x1C,0x3C,0x3C,0x1C,0x3C,0x3C,0xEC,0xCB,0x33,0xFC,0xF7,0x3F,0x00,0x00,0x00,0x00,0x00,0x00},/*"9",25*/
{0x00,0x00,0x00,0x00,0x00,0x00,0x00,0x00,0x00,0x00,0x00,0x00,0x00,0x00,0x00,0x00,0xC3,0x00,0x00,0x00,0x00,0x00,0x00,0x00,0x00,0x00,0x00,0x00,0x00,0x00,0x00,0x00,0x00,0x00,0x00,0x00},/*":",26*/
{0x00,0x00,0x00,0x00,0x00,0x00,0x00,0x00,0x00,0x00,0x00,0x00,0x00,0x00,0x00,0x00,0x03,0x1C,0x00,0x00,0x60,0x00,0x00,0x00,0x00,0x00,0x00,0x00,0x00,0x00,0x00,0x00,0x00,0x00,0x00,0x00},/*";",27*/
{0x00,0x00,0x00,0x00,0x00,0x00,0x00,0x00,0x00,0x00,0x08,0x00,0x00,0x3C,0x00,0x00,0x7E,0x00,0xC0,0xC3,0x01,0xE0,0x81,0x03,0x00,0x00,0x00,0x00,0x00,0x00,0x00,0x00,0x00,0x00,0x00,0x00},/*"<",28*/
{0x00,0x00,0x00,0x00,0x00,0x00,0x00,0x81,0x00,0xC0,0xC3,0x01,0xC0,0xC3,0x01,0xC0,0xC3,0x01,0xC0,0xC3,0x01,0xC0,0xC3,0x01,0x00,0x81,0x00,0x00,0x00,0x00,0x00,0x00,0x00,0x00,0x00,0x00},/*"=",29*/
{0x00,0x00,0x00,0x00,0x00,0x00,0x00,0x00,0x00,0x00,0x00,0x00,0xE0,0x81,0x03,0xC0,0xC3,0x01,0x00,0x7E,0x00,0x00,0x3C,0x00,0x00,0x08,0x00,0x00,0x00,0x00,0x00,0x00,0x00,0x00,0x00,0x00},/*">",30*/
{0x00,0x00,0x00,0x04,0x00,0x00,0x1C,0x08,0x00,0x1C,0x3C,0x00,0x1C,0x3C,0x3C,0x1C,0x3C,0x3C,0x1C,0x3C,0x3C,0x1C,0x3C,0x00,0xEC,0x0B,0x00,0xFC,0x07,0x00,0x00,0x00,0x00,0x00,0x00,0x00},/*"?",31*/
{0x00,0x00,0x00,0xF8,0xF7,0x1F,0xEC,0xC3,0x33,0x1C,0x00,0x3C,0x1C,0xF7,0x3C,0xDC,0xF7,0x3D,0xDC,0xC3,0x3D,0x1C,0x00,0x3C,0xEC,0xF7,0x3D,0xFC,0xF7,0x31,0x00,0x00,0x00,0x00,0x00,0x00},/*"@",32*/
{0x00,0x00,0x00,0xF8,0xF7,0x3F,0xEC,0xCB,0x1F,0x1C,0x3C,0x00,0x1C,0x3C,0x00,0x1C,0x3C,0x00,0x1C,0x3C,0x00,0x1C,0x3C,0x00,0xEC,0xCB,0x1F,0xFC,0xF7,0x3F,0x00,0x00,0x00,0x00,0x00,0x00},/*"A",33*/
{0x00,0x00,0x00,0xF8,0xF7,0x1F,0xEC,0xCB,0x33,0x1C,0x3C,0x3C,0x1C,0x3C,0x3C,0x1C,0x3C,0x3C,0x1C,0x3C,0x3C,0x1C,0x3C,0x3C,0xE8,0xCB,0x13,0xF0,0xF7,0x0F,0x00,0x00,0x00,0x00,0x00,0x00},/*"B",34*/
{0x00,0x00,0x00,0xF8,0xF7,0x1F,0xEC,0xC3,0x33,0x1C,0x00,0x3C,0x1C,0x00,0x3C,0x1C,0x00,0x3C,0x1C,0x00,0x3C,0x1C,0x00,0x3C,0x1C,0x00,0x3C,0x0C,0x00,0x30,0x00,0x00,0x00,0x00,0x00,0x00},/*"C",35*/
{0x00,0x00,0x00,0xF8,0xF7,0x1F,0xEC,0xC3,0x33,0x1C,0x00,0x3C,0x1C,0x00,0x3C,0x1C,0x00,0x3C,0x1C,0x00,0x3C,0x1C,0x00,0x3C,0xE8,0xC3,0x13,0xF0,0xF7,0x0F,0x00,0x00,0x00,0x00,0x00,0x00},/*"D",36*/
{0x00,0x00,0x00,0xF8,0xF7,0x1F,0xEC,0xCB,0x33,0x1C,0x3C,0x3C,0x1C,0x3C,0x3C,0x1C,0x3C,0x3C,0x1C,0x3C,0x3C,0x1C,0x3C,0x3C,0x1C,0x08,0x3C,0x0C,0x00,0x30,0x00,0x00,0x00,0x00,0x00,0x00},/*"E",37*/
{0x00,0x00,0x00,0xF8,0xF7,0x3F,0xEC,0xCB,0x1F,0x1C,0x3C,0x00,0x1C,0x3C,0x00,0x1C,0x3C,0x00,0x1C,0x3C,0x00,0x1C,0x3C,0x00,0x1C,0x08,0x00,0x0C,0x00,0x00,0x00,0x00,0x00,0x00,0x00,0x00},/*"F",38*/
{0x00,0x00,0x00,0xF8,0xF7,0x1F,0xEC,0xC3,0x33,0x1C,0x00,0x3C,0x1C,0x00,0x3C,0x1C,0x08,0x3C,0x1C,0x3C,0x3C,0x1C,0x3C,0x3C,0x0C,0xC8,0x33,0x04,0xF0,0x3F,0x00,0x00,0x00,0x00,0x00,0x00},/*"G",39*/
{0x00,0x00,0x00,0xFC,0xF7,0x3F,0xF8,0xCB,0x1F,0x00,0x3C,0x00,0x00,0x3C,0x00,0x00,0x3C,0x00,0x00,0x3C,0x00,0x00,0x3C,0x00,0xF8,0xCB,0x1F,0xFC,0xF7,0x3F,0x00,0x00,0x00,0x00,0x00,0x00},/*"H",40*/
{0x00,0x00,0x00,0x00,0x00,0x00,0x1C,0x00,0x3C,0x1C,0x00,0x3C,0xEC,0xF7,0x33,0xF4,0xFF,0x2F,0x1C,0x00,0x3C,0x1C,0x00,0x3C,0x00,0x00,0x00,0x00,0x00,0x00,0x00,0x00,0x00,0x00,0x00,0x00},/*"I",41*/
{0x00,0x00,0x00,0x00,0xF0,0x1F,0x0C,0xC0,0x33,0x1C,0x00,0x3C,0x1C,0x00,0x3C,0x1C,0x00,0x3C,0x1C,0x00,0x3C,0x1C,0x00,0x3C,0xEC,0xC3,0x33,0xFC,0xF7,0x3F,0x00,0x00,0x00,0x00,0x00,0x00},/*"J",42*/
{0x00,0x00,0x00,0xFC,0xF7,0x3F,0xF8,0xCB,0x1F,0x00,0x3C,0x00,0x00,0x3C,0x00,0x00,0xCB,0x00,0xE0,0xC3,0x03,0xF0,0x81,0x0F,0xF8,0x00,0x1F,0x3C,0x00,0x3E,0x00,0x00,0x00,0x00,0x00,0x00},/*"K",43*/
{0x00,0x00,0x00,0xFC,0xF7,0x1F,0xF0,0xC3,0x33,0x00,0x00,0x3C,0x00,0x00,0x3C,0x00,0x00,0x3C,0x00,0x00,0x3C,0x00,0x00,0x3C,0x00,0x00,0x30,0x00,0x00,0x20,0x00,0x00,0x00,0x00,0x00,0x00},/*"L",44*/
{0x00,0x00,0x00,0xFC,0xF7,0x3F,0xF0,0xC3,0x1F,0x00,0x00,0x00,0xC0,0x07,0x00,0x00,0x3F,0x00,0x00,0x0F,0x00,0xC0,0x07,0x00,0x00,0x00,0x00,0xF0,0xC3,0x1F,0xFC,0xF7,0x3F,0x00,0x00,0x00},/*"M",45*/
{0x00,0x00,0x00,0xFC,0xF7,0x3F,0xF8,0xC3,0x1F,0x00,0x00,0x00,0x00,0x0F,0x00,0x00,0x3E,0x00,0x00,0xF8,0x00,0x00,0x00,0x00,0xF8,0xC3,0x1F,0xFC,0xF7,0x3F,0x00,0x00,0x00,0x00,0x00,0x00},/*"N",46*/
{0x00,0x00,0x00,0xF8,0xF7,0x1F,0xEC,0xC3,0x33,0x1C,0x00,0x3C,0x1C,0x00,0x3C,0x1C,0x00,0x3C,0x1C,0x00,0x3C,0x1C,0x00,0x3C,0xEC,0xC3,0x33,0xFC,0xF7,0x3F,0x00,0x00,0x00,0x00,0x00,0x00},/*"O",47*/
{0x00,0x00,0x00,0xF8,0xF7,0x3F,0xEC,0xCB,0x1F,0x1C,0x3C,0x00,0x1C,0x3C,0x00,0x1C,0x3C,0x00,0x1C,0x3C,0x00,0x1C,0x3C,0x00,0xEC,0x0B,0x00,0xFC,0x07,0x00,0x00,0x00,0x00,0x00,0x00,0x00},/*"P",48*/
{0x00,0x00,0x00,0xF8,0xF7,0x1F,0xEC,0xC3,0x33,0x1C,0x00,0x3C,0x1C,0x00,0x3C,0x1C,0x00,0x3C,0x1C,0x00,0x3C,0x1C,0x00,0x1C,0xEC,0xC3,0x23,0xFC,0xF7,0x73,0x00,0x00,0x60,0x00,0x00,0x00},/*"Q",49*/
{0x00,0x00,0x00,0xF8,0xF7,0x3F,0xEC,0xCB,0x1F,0x1C,0x3C,0x00,0x1C,0x3C,0x00,0x1C,0x3C,0x00,0x1C,0xBC,0x03,0x1C,0xBC,0x0F,0xEC,0x0B,0x1F,0xFC,0x07,0x3E,0x00,0x00,0x00,0x00,0x00,0x00},/*"R",50*/
{0x00,0x00,0x00,0xF0,0x07,0x30,0xE8,0x0B,0x3C,0x1C,0x3C,0x3C,0x1C,0x3C,0x3C,0x1C,0x3C,0x3C,0x1C,0x3C,0x3C,0x1C,0x3C,0x3C,0x1C,0xC8,0x13,0x1C,0xF0,0x0F,0x00,0x00,0x00,0x00,0x00,0x00},/*"S",51*/
{0x00,0x00,0x00,0x0C,0x00,0x00,0x1C,0x00,0x00,0x1C,0x00,0x00,0xDC,0xF7,0x3F,0xEC,0xFF,0x3F,0x1C,0x00,0x00,0x1C,0x00,0x00,0x1C,0x00,0x00,0x0C,0x00,0x00,0x00,0x00,0x00,0x00,0x00,0x00},/*"T",52*/
{0x00,0x00,0x00,0xFC,0xF7,0x1F,0xF8,0xC3,0x33,0x00,0x00,0x3C,0x00,0x00,0x3C,0x00,0x00,0x3C,0x00,0x00,0x3C,0x00,0x00,0x3C,0xF8,0xC3,0x33,0xFC,0xF7,0x3F,0x00,0x00,0x00,0x00,0x00,0x00},/*"U",53*/
{0x00,0x00,0x00,0xFC,0xF7,0x00,0xF8,0xC3,0x03,0x00,0x80,0x0F,0x00,0x00,0x13,0x00,0x00,0x3C,0x00,0x00,0x13,0x00,0x80,0x0F,0xF8,0xC3,0x03,0xFC,0xF7,0x01,0x00,0x00,0x00,0x00,0x00,0x00},/*"V",54*/
{0x00,0x00,0x00,0xFC,0xF7,0x1F,0xF8,0xC3,0x33,0x00,0x00,0x3C,0x00,0x00,0x3C,0xE0,0xFF,0x3F,0xC0,0xF7,0x3D,0x00,0x00,0x3C,0x00,0x00,0x3C,0xF8,0xC3,0x33,0xFC,0xF7,0x1F,0x00,0x00,0x00},/*"W",55*/
{0x00,0x00,0x00,0x1C,0x00,0x3C,0xF8,0x00,0x1F,0xF0,0x81,0x0F,0xE0,0xC3,0x03,0xC0,0xFF,0x01,0xC0,0xBD,0x01,0xE0,0xC3,0x03,0xF0,0x81,0x0F,0xF8,0x00,0x1F,0x1C,0x00,0x3C,0x00,0x00,0x00},/*"X",56*/
{0x00,0x00,0x00,0xFC,0x07,0x20,0xF8,0x0B,0x3C,0x00,0x3C,0x3C,0x00,0x3C,0x3C,0x00,0x3C,0x3C,0x00,0x3C,0x3C,0x00,0x3C,0x3C,0xF8,0xCB,0x33,0xFC,0xF7,0x3F,0x00,0x00,0x00,0x00,0x00,0x00},/*"Y",57*/
{0x00,0x00,0x00,0x0C,0x00,0x1F,0x1C,0xC0,0x33,0x1C,0xF0,0x3D,0x1C,0xF8,0x3C,0x1C,0x74,0x3C,0x1C,0x0F,0x3C,0xDC,0x07,0x3C,0xEC,0x03,0x3C,0xFC,0x01,0x3C,0x00,0x00,0x00,0x00,0x00,0x00},/*"Z",58*/
{0x00,0x00,0x00,0xF8,0xF7,0x3F,0xEC,0xC3,0x6F,0x1C,0x00,0x70,0x0C,0x00,0x60,0x04,0x00,0x40,0x00,0x00,0x00,0x00,0x00,0x00,0x00,0x00,0x00,0x00,0x00,0x00,0x00,0x00,0x00,0x00,0x00,0x00},/*"[",59*/
{0x00,0x00,0x00,0xF0,0x00,0x00,0xE0,0x03,0x00,0xC0,0x07,0x00,0x00,0x0F,0x00,0x00,0x3E,0x00,0x00,0xF8,0x00,0x00,0xF0,0x01,0x00,0xC0,0x03,0x00,0x80,0x0F,0x00,0x00,0x00,0x00,0x00,0x00},/*"\",60*/
{0x00,0x00,0x00,0x00,0x00,0x00,0x00,0x00,0x00,0x00,0x00,0x00,0x00,0x00,0x00,0x00,0x00,0x00,0x0C,0x00,0x60,0x1C,0x00,0x70,0xEC,0xC3,0x6F,0xFC,0xF7,0x7F,0x00,0x00,0x00,0x00,0x00,0x00},/*"]",61*/
{0x00,0x00,0x00,0x00,0x01,0x00,0xE0,0x01,0x00,0xF0,0x00,0x00,0x38,0x00,0x00,0x1C,0x00,0x00,0xF0,0x00,0x00,0xE0,0x01,0x00,0xC0,0x01,0x00,0x00,0x01,0x00,0x00,0x00,0x00,0x00,0x00,0x00},/*"^",62*/
{0x00,0x00,0x00,0x00,0x00,0x20,0x00,0x00,0x3C,0x00,0x00,0x3C,0x00,0x00,0x3C,0x00,0x00,0x3C,0x00,0x00,0x3C,0x00,0x00,0x3C,0x00,0x00,0x3C,0x00,0x00,0x30,0x00,0x00,0x00,0x00,0x00,0x00},/*"_",63*/
{0x00,0x00,0x00,0x00,0x00,0x00,0x00,0x00,0x00,0x00,0x00,0x00,0x0C,0x00,0x00,0x1C,0x00,0x00,0x30,0x00,0x00,0x00,0x00,0x00,0x00,0x00,0x00,0x00,0x00,0x00,0x00,0x00,0x00,0x00,0x00,0x00},/*"`",64*/
{0x00,0x00,0x00,0xF8,0xF7,0x3F,0xEC,0xCB,0x1F,0x1C,0x3C,0x00,0x1C,0x3C,0x00,0x1C,0x3C,0x00,0x1C,0x3C,0x00,0x1C,0x3C,0x00,0xEC,0xCB,0x1F,0xFC,0xF7,0x3F,0x00,0x00,0x00,0x00,0x00,0x00},/*"a",65*/
{0x00,0x00,0x00,0xF8,0xF7,0x1F,0xEC,0xCB,0x33,0x1C,0x3C,0x3C,0x1C,0x3C,0x3C,0x1C,0x3C,0x3C,0x1C,0x3C,0x3C,0x1C,0x3C,0x3C,0xE8,0xCB,0x13,0xF0,0xF7,0x0F,0x00,0x00,0x00,0x00,0x00,0x00},/*"b",66*/
{0x00,0x00,0x00,0xF8,0xF7,0x1F,0xEC,0xC3,0x33,0x1C,0x00,0x3C,0x1C,0x00,0x3C,0x1C,0x00,0x3C,0x1C,0x00,0x3C,0x1C,0x00,0x3C,0x1C,0x00,0x3C,0x0C,0x00,0x30,0x00,0x00,0x00,0x00,0x00,0x00},/*"c",67*/
{0x00,0x00,0x00,0xF8,0xF7,0x1F,0xEC,0xC3,0x33,0x1C,0x00,0x3C,0x1C,0x00,0x3C,0x1C,0x00,0x3C,0x1C,0x00,0x3C,0x1C,0x00,0x3C,0xE8,0xC3,0x13,0xF0,0xF7,0x0F,0x00,0x00,0x00,0x00,0x00,0x00},/*"d",68*/
{0x00,0x00,0x00,0xF8,0xF7,0x1F,0xEC,0xCB,0x33,0x1C,0x3C,0x3C,0x1C,0x3C,0x3C,0x1C,0x3C,0x3C,0x1C,0x3C,0x3C,0x1C,0x3C,0x3C,0x1C,0x08,0x3C,0x0C,0x00,0x30,0x00,0x00,0x00,0x00,0x00,0x00},/*"e",69*/
{0x00,0x00,0x00,0xF8,0xF7,0x3F,0xEC,0xCB,0x1F,0x1C,0x3C,0x00,0x1C,0x3C,0x00,0x1C,0x3C,0x00,0x1C,0x3C,0x00,0x1C,0x3C,0x00,0x1C,0x08,0x00,0x0C,0x00,0x00,0x00,0x00,0x00,0x00,0x00,0x00},/*"f",70*/
{0x00,0x00,0x00,0xF8,0xF7,0x1F,0xEC,0xC3,0x33,0x1C,0x00,0x3C,0x1C,0x00,0x3C,0x1C,0x08,0x3C,0x1C,0x3C,0x3C,0x1C,0x3C,0x3C,0x0C,0xC8,0x33,0x04,0xF0,0x3F,0x00,0x00,0x00,0x00,0x00,0x00},/*"g",71*/
{0x00,0x00,0x00,0xFC,0xF7,0x3F,0xF8,0xCB,0x1F,0x00,0x3C,0x00,0x00,0x3C,0x00,0x00,0x3C,0x00,0x00,0x3C,0x00,0x00,0x3C,0x00,0xF8,0xCB,0x1F,0xFC,0xF7,0x3F,0x00,0x00,0x00,0x00,0x00,0x00},/*"h",72*/
{0x00,0x00,0x00,0x00,0x00,0x00,0x1C,0x00,0x3C,0x1C,0x00,0x3C,0xEC,0xF7,0x33,0xF4,0xFF,0x2F,0x1C,0x00,0x3C,0x1C,0x00,0x3C,0x00,0x00,0x00,0x00,0x00,0x00,0x00,0x00,0x00,0x00,0x00,0x00},/*"i",73*/
{0x00,0x00,0x00,0x00,0xF0,0x1F,0x0C,0xC0,0x33,0x1C,0x00,0x3C,0x1C,0x00,0x3C,0x1C,0x00,0x3C,0x1C,0x00,0x3C,0x1C,0x00,0x3C,0xEC,0xC3,0x33,0xFC,0xF7,0x3F,0x00,0x00,0x00,0x00,0x00,0x00},/*"j",74*/
{0x00,0x00,0x00,0xFC,0xF7,0x3F,0xF8,0xCB,0x1F,0x00,0x3C,0x00,0x00,0x3C,0x00,0x00,0xCB,0x00,0xE0,0xC3,0x03,0xF0,0x81,0x0F,0xF8,0x00,0x1F,0x3C,0x00,0x3E,0x00,0x00,0x00,0x00,0x00,0x00},/*"k",75*/
{0x00,0x00,0x00,0xFC,0xF7,0x1F,0xF0,0xC3,0x33,0x00,0x00,0x3C,0x00,0x00,0x3C,0x00,0x00,0x3C,0x00,0x00,0x3C,0x00,0x00,0x3C,0x00,0x00,0x30,0x00,0x00,0x20,0x00,0x00,0x00,0x00,0x00,0x00},/*"l",76*/
{0x00,0x00,0x00,0xFC,0xF7,0x3F,0xF0,0xC3,0x1F,0x00,0x00,0x00,0xC0,0x07,0x00,0x00,0x3F,0x00,0x00,0x0F,0x00,0xC0,0x07,0x00,0x00,0x00,0x00,0xF0,0xC3,0x1F,0xFC,0xF7,0x3F,0x00,0x00,0x00},/*"m",77*/
{0x00,0x00,0x00,0xFC,0xF7,0x3F,0xF8,0xC3,0x1F,0x00,0x00,0x00,0x00,0x0F,0x00,0x00,0x3E,0x00,0x00,0xF8,0x00,0x00,0x00,0x00,0xF8,0xC3,0x1F,0xFC,0xF7,0x3F,0x00,0x00,0x00,0x00,0x00,0x00},/*"n",78*/
{0x00,0x00,0x00,0xF8,0xF7,0x1F,0xEC,0xC3,0x33,0x1C,0x00,0x3C,0x1C,0x00,0x3C,0x1C,0x00,0x3C,0x1C,0x00,0x3C,0x1C,0x00,0x3C,0xEC,0xC3,0x33,0xFC,0xF7,0x3F,0x00,0x00,0x00,0x00,0x00,0x00},/*"o",79*/
{0x00,0x00,0x00,0xF8,0xF7,0x3F,0xEC,0xCB,0x1F,0x1C,0x3C,0x00,0x1C,0x3C,0x00,0x1C,0x3C,0x00,0x1C,0x3C,0x00,0x1C,0x3C,0x00,0xEC,0x0B,0x00,0xFC,0x07,0x00,0x00,0x00,0x00,0x00,0x00,0x00},/*"p",80*/
{0x00,0x00,0x00,0xF8,0xF7,0x1F,0xEC,0xC3,0x33,0x1C,0x00,0x3C,0x1C,0x00,0x3C,0x1C,0x00,0x3C,0x1C,0x00,0x3C,0x1C,0x00,0x1C,0xEC,0xC3,0x23,0xFC,0xF7,0x73,0x00,0x00,0x60,0x00,0x00,0x00},/*"q",81*/
{0x00,0x00,0x00,0xF8,0xF7,0x3F,0xEC,0xCB,0x1F,0x1C,0x3C,0x00,0x1C,0x3C,0x00,0x1C,0x3C,0x00,0x1C,0xBC,0x03,0x1C,0xBC,0x0F,0xEC,0x0B,0x1F,0xFC,0x07,0x3E,0x00,0x00,0x00,0x00,0x00,0x00},/*"r",82*/
{0x00,0x00,0x00,0xF0,0x07,0x30,0xE8,0x0B,0x3C,0x1C,0x3C,0x3C,0x1C,0x3C,0x3C,0x1C,0x3C,0x3C,0x1C,0x3C,0x3C,0x1C,0x3C,0x3C,0x1C,0xC8,0x13,0x1C,0xF0,0x0F,0x00,0x00,0x00,0x00,0x00,0x00},/*"s",83*/
{0x00,0x00,0x00,0x0C,0x00,0x00,0x1C,0x00,0x00,0x1C,0x00,0x00,0xDC,0xF7,0x3F,0xEC,0xFF,0x3F,0x1C,0x00,0x00,0x1C,0x00,0x00,0x1C,0x00,0x00,0x0C,0x00,0x00,0x00,0x00,0x00,0x00,0x00,0x00},/*"t",84*/
{0x00,0x00,0x00,0xFC,0xF7,0x1F,0xF8,0xC3,0x33,0x00,0x00,0x3C,0x00,0x00,0x3C,0x00,0x00,0x3C,0x00,0x00,0x3C,0x00,0x00,0x3C,0xF8,0xC3,0x33,0xFC,0xF7,0x3F,0x00,0x00,0x00,0x00,0x00,0x00},/*"u",85*/
{0x00,0x00,0x00,0xFC,0xF7,0x00,0xF8,0xC3,0x03,0x00,0x80,0x0F,0x00,0x00,0x13,0x00,0x00,0x3C,0x00,0x00,0x13,0x00,0x80,0x0F,0xF8,0xC3,0x03,0xFC,0xF7,0x01,0x00,0x00,0x00,0x00,0x00,0x00},/*"v",86*/
{0x00,0x00,0x00,0xFC,0xF7,0x1F,0xF8,0xC3,0x33,0x00,0x00,0x3C,0x00,0x00,0x3C,0xE0,0xFF,0x3F,0xC0,0xF7,0x3D,0x00,0x00,0x3C,0x00,0x00,0x3C,0xF8,0xC3,0x33,0xFC,0xF7,0x1F,0x00,0x00,0x00},/*"w",87*/
{0x00,0x00,0x00,0x1C,0x00,0x3C,0xF8,0x00,0x1F,0xF0,0x81,0x0F,0xE0,0xC3,0x03,0xC0,0xFF,0x01,0xC0,0xBD,0x01,0xE0,0xC3,0x03,0xF0,0x81,0x0F,0xF8,0x00,0x1F,0x1C,0x00,0x3C,0x00,0x00,0x00},/*"x",88*/
{0x00,0x00,0x00,0xFC,0x07,0x20,0xF8,0x0B,0x3C,0x00,0x3C,0x3C,0x00,0x3C,0x3C,0x00,0x3C,0x3C,0x00,0x3C,0x3C,0x00,0x3C,0x3C,0xF8,0xCB,0x33,0xFC,0xF7,0x3F,0x00,0x00,0x00,0x00,0x00,0x00},/*"y",89*/
{0x00,0x00,0x00,0x0C,0x00,0x1F,0x1C,0xC0,0x33,0x1C,0xF0,0x3D,0x1C,0xF8,0x3C,0x1C,0x74,0x3C,0x1C,0x0F,0x3C,0xDC,0x07,0x3C,0xEC,0x03,0x3C,0xFC,0x01,0x3C,0x00,0x00,0x00,0x00,0x00,0x00},/*"z",90*/
{0x00,0x3C,0x00,0xF8,0x7E,0x1F,0xEC,0xCB,0x33,0x1C,0x00,0x3C,0x0C,0x00,0x30,0x04,0x00,0x20,0x00,0x00,0x00,0x00,0x00,0x00,0x00,0x00,0x00,0x00,0x00,0x00,0x00,0x00,0x00,0x00,0x00,0x00},/*"{",91*/
{0x00,0x00,0x00,0x00,0x00,0x00,0x00,0x00,0x00,0x00,0x00,0x00,0xFC,0xF7,0x3F,0xFC,0xFF,0x3F,0x00,0x00,0x00,0x00,0x00,0x00,0x00,0x00,0x00,0x00,0x00,0x00,0x00,0x00,0x00,0x00,0x00,0x00},/*"|",92*/
{0x00,0x00,0x00,0x00,0x00,0x00,0x00,0x00,0x00,0x00,0x00,0x00,0x00,0x00,0x00,0x00,0x00,0x00,0x0C,0x00,0x30,0x1C,0x00,0x3C,0xEC,0xCB,0x33,0xFC,0xFF,0x3F,0x00,0x3C,0x00,0x00,0x00,0x00},/*"}",93*/
{0x00,0x00,0x00,0xF0,0x07,0x00,0xD8,0x01,0x00,0x38,0x00,0x00,0x38,0x00,0x00,0xD8,0x03,0x00,0xF0,0x06,0x00,0x00,0x07,0x00,0x00,0x07,0x00,0xE0,0x06,0x00,0xF8,0x03,0x00,0x00,0x00,0x00},/*"~",94*/
};
const char font_ASCII_PIXEL_3216[][64]={
{0x00,0x00,0x00,0x00,0x00,0x00,0x00,0x00,0x00,0x00,0x00,0x00,0x00,0x00,0x00,0x00,0x00,0x00,0x00,0x00,0x00,0x00,0x00,0x00,0x00,0x00,0x00,0x00,0x00,0x00,0x00,0x00,0x00,0x00,0x00,0x00,0x00,0x00,0x00,0x00,0x00,0x00,0x00,0x00,0x00,0x00,0x00,0x00,0x00,0x00,0x00,0x00,0x00,0x00,0x00,0x00,0x00,0x00,0x00,0x00,0x00,0x00,0x00,0x00},/*" ",0*/
{0x00,0x00,0x00,0x00,0x00,0x00,0x00,0x00,0x00,0x00,0x00,0x00,0x00,0x00,0x00,0x00,0x00,0x00,0x00,0x00,0xF0,0xFF,0x3F,0x3E,0xF0,0xFF,0x3F,0x3E,0xFC,0xFF,0x3F,0x3E,0xF0,0xFF,0x3F,0x3E,0x00,0x00,0x00,0x00,0x00,0x00,0x00,0x00,0x00,0x00,0x00,0x00,0x00,0x00,0x00,0x00,0x00,0x00,0x00,0x00,0x00,0x00,0x00,0x00,0x00,0x00,0x00,0x00},/*"!",1*/
{0x00,0x00,0x00,0x00,0x00,0x00,0x00,0x00,0xF0,0x01,0x00,0x00,0xFC,0x03,0x00,0x00,0xF0,0x01,0x00,0x00,0xF0,0x01,0x00,0x00,0x00,0x00,0x00,0x00,0x00,0x00,0x00,0x00,0x00,0x00,0x00,0x00,0xF0,0x01,0x00,0x00,0xFC,0x03,0x00,0x00,0xF0,0x01,0x00,0x00,0x00,0x00,0x00,0x00,0x00,0x00,0x00,0x00,0x00,0x00,0x00,0x00,0x00,0x00,0x00,0x00},/*""",2*/
{0x00,0x00,0x00,0x00,0x80,0x0F,0xF0,0x01,0x80,0x0F,0xF0,0x01,0x70,0xF2,0x4F,0x0E,0xF0,0xFF,0xFF,0x0F,0xF0,0xFF,0xFF,0x0F,0x70,0xF2,0x4F,0x0E,0x80,0x0F,0xF0,0x01,0x80,0x0F,0xF0,0x01,0x80,0x0F,0xF0,0x01,0x70,0xF2,0x4F,0x0E,0xF0,0xFF,0xFF,0x0F,0x70,0xF2,0x4F,0x0E,0x80,0x0F,0xF0,0x01,0x80,0x0F,0xF0,0x01,0x00,0x00,0x00,0x00},/*"#",3*/
{0x00,0x00,0x00,0x00,0x80,0x7F,0x00,0x38,0xE0,0x7F,0x00,0x3E,0x90,0xBF,0x01,0x3E,0x7C,0xE0,0x03,0x3E,0x7C,0xE0,0x03,0x3E,0x7C,0xE0,0x03,0x3E,0x7C,0xEE,0x73,0x3E,0x7C,0xEE,0x73,0x3E,0x7C,0xE0,0x03,0x3E,0x7C,0xE0,0x03,0x3E,0x7C,0x80,0xFD,0x09,0x7C,0x00,0xFE,0x07,0x1C,0x00,0xFE,0x01,0x00,0x00,0x00,0x00,0x00,0x00,0x00,0x00},/*"$",4*/
{0x00,0x00,0x00,0x00,0x80,0x3F,0x80,0x0F,0xE0,0x7F,0xC0,0x0F,0x60,0x60,0xF0,0x07,0xE0,0x7F,0xFC,0x01,0xE0,0x7F,0xFE,0x01,0x80,0x3F,0x7E,0x00,0x00,0x80,0x3D,0x00,0x00,0xE0,0x0D,0x00,0x00,0xF0,0xC3,0x0F,0x00,0xFC,0xF1,0x3F,0x00,0x7E,0x30,0x30,0x80,0x3F,0xF0,0x3F,0x80,0x0F,0xC0,0x0F,0x00,0x00,0x00,0x00,0x00,0x00,0x00,0x00},/*"%",5*/
{0x00,0x00,0x00,0x00,0xF0,0x7F,0xFE,0x0F,0xEC,0x7F,0xFE,0x37,0x9C,0xBF,0xFD,0x39,0x7C,0xE0,0x03,0x3E,0x7C,0xE0,0x03,0x3E,0x7C,0xE0,0x03,0x3E,0x7C,0xE0,0x03,0x3E,0x7C,0xE0,0x03,0x3E,0x9C,0xBF,0xFD,0x39,0xEC,0x7F,0xFE,0x37,0xF0,0xBF,0xFD,0x09,0x00,0xE0,0x03,0x3E,0x00,0xE0,0x03,0x3E,0x00,0xE0,0x03,0x3E,0x00,0x00,0x00,0x00},/*"&",6*/
{0x00,0x00,0x00,0x00,0x00,0x00,0x00,0x00,0x00,0x00,0x00,0x00,0x00,0x00,0x00,0x00,0x00,0x00,0x00,0x00,0xF0,0x01,0x00,0x00,0xF0,0x01,0x00,0x00,0xFC,0x03,0x00,0x00,0xF0,0x01,0x00,0x00,0x00,0x00,0x00,0x00,0x00,0x00,0x00,0x00,0x00,0x00,0x00,0x00,0x00,0x00,0x00,0x00,0x00,0x00,0x00,0x00,0x00,0x00,0x00,0x00,0x00,0x00,0x00,0x00},/*"'",7*/
{0x00,0xFC,0x3F,0x00,0xF0,0xF3,0xCF,0x0F,0xEC,0xEF,0xF3,0x37,0x9C,0x3F,0xFC,0x39,0x7C,0x00,0x00,0x3E,0x7C,0x00,0x00,0x3E,0x1C,0x00,0x00,0x38,0x0C,0x00,0x00,0x30,0x00,0x00,0x00,0x00,0x00,0x00,0x00,0x00,0x00,0x00,0x00,0x00,0x00,0x00,0x00,0x00,0x00,0x00,0x00,0x00,0x00,0x00,0x00,0x00,0x00,0x00,0x00,0x00,0x00,0x00,0x00,0x00},/*"(",8*/
{0x00,0x00,0x00,0x00,0x00,0x00,0x00,0x00,0x00,0x00,0x00,0x00,0x00,0x00,0x00,0x00,0x00,0x00,0x00,0x00,0x00,0x00,0x00,0x00,0x00,0x00,0x00,0x00,0x00,0x00,0x00,0x00,0x0C,0x00,0x00,0x30,0x1C,0x00,0x00,0x38,0x7C,0x00,0x00,0x3E,0x9C,0x3F,0xFC,0x39,0xEC,0xEF,0xF3,0x37,0xF0,0xF3,0xCF,0x0F,0x00,0xFC,0x3F,0x00,0x00,0x00,0x00,0x00},/*")",9*/
{0x00,0x00,0x00,0x00,0x00,0x00,0x00,0x00,0x80,0x83,0xC1,0x01,0x80,0xEF,0xF3,0x01,0x00,0xEE,0x73,0x00,0x00,0xEE,0x73,0x00,0x00,0xE0,0x03,0x00,0x00,0xBE,0x7D,0x00,0x80,0x7F,0xFE,0x01,0x00,0xBE,0x7D,0x00,0x00,0xE0,0x03,0x00,0x00,0xEE,0x73,0x00,0x80,0xEF,0xF3,0x01,0x80,0x83,0xC1,0x01,0x00,0x00,0x00,0x00,0x00,0x00,0x00,0x00},/*"*",10*/
{0x00,0x00,0x00,0x00,0x00,0x00,0x00,0x00,0x00,0x80,0x01,0x00,0x00,0xE0,0x03,0x00,0x00,0xE0,0x03,0x00,0x00,0xE0,0x03,0x00,0x00,0xE0,0x03,0x00,0x00,0xBE,0x7D,0x00,0x80,0x7F,0xFE,0x01,0x00,0xBE,0x7D,0x00,0x00,0xE0,0x03,0x00,0x00,0xE0,0x03,0x00,0x00,0xE0,0x03,0x00,0x00,0x80,0x01,0x00,0x00,0x00,0x00,0x00,0x00,0x00,0x00,0x00},/*"+",11*/
{0x00,0x00,0x00,0x00,0x00,0x00,0x00,0x00,0x00,0x00,0x00,0x00,0x00,0x00,0x00,0x00,0x00,0x00,0x00,0x00,0x00,0x00,0x00,0x00,0x00,0x00,0x00,0x00,0x00,0x00,0x00,0x0E,0x00,0x00,0x00,0xCE,0x00,0x00,0x00,0xF0,0x00,0x00,0x00,0x00,0x00,0x00,0x00,0x00,0x00,0x00,0x00,0x00,0x00,0x00,0x00,0x00,0x00,0x00,0x00,0x00,0x00,0x00,0x00,0x00},/*",",12*/
{0x00,0x00,0x00,0x00,0x00,0x00,0x00,0x00,0x00,0x00,0x00,0x00,0x00,0x80,0x01,0x00,0x00,0xE0,0x03,0x00,0x00,0xE0,0x03,0x00,0x00,0xE0,0x03,0x00,0x00,0xE0,0x03,0x00,0x00,0xE0,0x03,0x00,0x00,0xE0,0x03,0x00,0x00,0xE0,0x03,0x00,0x00,0x80,0x01,0x00,0x00,0x00,0x00,0x00,0x00,0x00,0x00,0x00,0x00,0x00,0x00,0x00,0x00,0x00,0x00,0x00},/*"-",13*/
{0x00,0x00,0x00,0x00,0x00,0x00,0x00,0x00,0x00,0x00,0x00,0x00,0x00,0x00,0x00,0x00,0x00,0x00,0x00,0x00,0x00,0x00,0x00,0x00,0x00,0x00,0x00,0x00,0x00,0x00,0x00,0x0E,0x00,0x00,0x00,0x0E,0x00,0x00,0x00,0x00,0x00,0x00,0x00,0x00,0x00,0x00,0x00,0x00,0x00,0x00,0x00,0x00,0x00,0x00,0x00,0x00,0x00,0x00,0x00,0x00,0x00,0x00,0x00,0x00},/*".",14*/
{0x00,0x00,0x00,0x00,0x00,0x00,0xC0,0x07,0x00,0x00,0xF0,0x07,0x00,0x00,0xFC,0x01,0x00,0x00,0x7E,0x00,0x00,0x80,0x7F,0x00,0x00,0x80,0x3F,0x00,0x00,0x60,0x0E,0x00,0x00,0x70,0x02,0x00,0x00,0xFC,0x01,0x00,0x00,0x7E,0x00,0x00,0x80,0x3F,0x00,0x00,0xE0,0x0F,0x00,0x00,0xE0,0x03,0x00,0x00,0x00,0x00,0x00,0x00,0x00,0x00,0x00,0x00},/*"/",15*/
{0x00,0x00,0x00,0x00,0xF0,0x7F,0xFE,0x0F,0xEC,0x7F,0xFE,0x37,0x9C,0x3F,0xFC,0x39,0x7C,0x00,0x00,0x3E,0x7C,0x00,0x00,0x3E,0x7C,0x00,0x00,0x3E,0x7C,0x00,0x00,0x3E,0x7C,0x00,0x00,0x3E,0x7C,0x00,0x00,0x3E,0x7C,0x00,0x00,0x3E,0x9C,0x3F,0xFC,0x39,0xEC,0x7F,0xFE,0x37,0xF0,0x7F,0xFE,0x0F,0x00,0x00,0x00,0x00,0x00,0x00,0x00,0x00},/*"0",16*/
{0x00,0x00,0x00,0x00,0x00,0x00,0x00,0x00,0x00,0x00,0x00,0x00,0x00,0x00,0x00,0x00,0x00,0x00,0x00,0x00,0x00,0x00,0x00,0x00,0x00,0x00,0x00,0x00,0x00,0x00,0x00,0x00,0x00,0x00,0x00,0x00,0x00,0x00,0x00,0x00,0x00,0x00,0x00,0x00,0xE0,0x3F,0xFC,0x07,0xF0,0x7F,0xFE,0x0F,0xFC,0x7F,0xFE,0x3F,0x00,0x00,0x00,0x00,0x00,0x00,0x00,0x00},/*"1",17*/
{0x00,0x00,0x00,0x00,0x0C,0x00,0xFE,0x0F,0x1C,0x00,0xFE,0x37,0x7C,0x80,0xFD,0x39,0x7C,0xE0,0x03,0x3E,0x7C,0xE0,0x03,0x3E,0x7C,0xE0,0x03,0x3E,0x7C,0xE0,0x03,0x3E,0x7C,0xE0,0x03,0x3E,0x7C,0xE0,0x03,0x3E,0x7C,0xE0,0x03,0x3E,0x9C,0xBF,0x01,0x3E,0xEC,0x7F,0x00,0x38,0xF0,0x7F,0x00,0x30,0x00,0x00,0x00,0x00,0x00,0x00,0x00,0x00},/*"2",18*/
{0x00,0x00,0x00,0x00,0x0C,0x00,0x00,0x30,0x1C,0x00,0x00,0x38,0x7C,0x80,0x01,0x3E,0x7C,0xE0,0x03,0x3E,0x7C,0xE0,0x03,0x3E,0x7C,0xE0,0x03,0x3E,0x7C,0xE0,0x03,0x3E,0x7C,0xE0,0x03,0x3E,0x7C,0xE0,0x03,0x3E,0x7C,0xE0,0x03,0x3E,0x9C,0xBF,0xFD,0x39,0xEC,0x7F,0xFE,0x37,0xF0,0x7F,0xFE,0x0F,0x00,0x00,0x00,0x00,0x00,0x00,0x00,0x00},/*"3",19*/
{0x00,0x00,0x00,0x00,0xFC,0x7F,0x00,0x00,0xF0,0x7F,0x00,0x00,0xE0,0xBF,0x01,0x00,0x00,0xE0,0x03,0x00,0x00,0xE0,0x03,0x00,0x00,0xE0,0x03,0x00,0x00,0xE0,0x03,0x00,0x00,0xE0,0x03,0x00,0x00,0xE0,0x03,0x00,0x00,0xE0,0x03,0x00,0xE0,0xBF,0xFD,0x07,0xF0,0x7F,0xFE,0x0F,0xFC,0x7F,0xFE,0x3F,0x00,0x00,0x00,0x00,0x00,0x00,0x00,0x00},/*"4",20*/
{0x00,0x00,0x00,0x00,0xF0,0x7F,0x00,0x30,0xEC,0x7F,0x00,0x38,0x9C,0xBF,0x01,0x3E,0x7C,0xE0,0x03,0x3E,0x7C,0xE0,0x03,0x3E,0x7C,0xE0,0x03,0x3E,0x7C,0xE0,0x03,0x3E,0x7C,0xE0,0x03,0x3E,0x7C,0xE0,0x03,0x3E,0x7C,0xE0,0x03,0x3E,0x7C,0x80,0xFD,0x39,0x1C,0x00,0xFE,0x37,0x0C,0x00,0xFE,0x0F,0x00,0x00,0x00,0x00,0x00,0x00,0x00,0x00},/*"5",21*/
{0x00,0x00,0x00,0x00,0xF0,0x7F,0xFE,0x0F,0xEC,0x7F,0xFE,0x37,0x9C,0xBF,0xFD,0x39,0x7C,0xE0,0x03,0x3E,0x7C,0xE0,0x03,0x3E,0x7C,0xE0,0x03,0x3E,0x7C,0xE0,0x03,0x3E,0x7C,0xE0,0x03,0x3E,0x7C,0xE0,0x03,0x3E,0x7C,0xE0,0x03,0x3E,0x1C,0x80,0xFD,0x39,0x0C,0x00,0xFE,0x37,0x00,0x00,0xFE,0x0F,0x00,0x00,0x00,0x00,0x00,0x00,0x00,0x00},/*"6",22*/
{0x00,0x00,0x00,0x00,0xF0,0x7F,0x00,0x00,0xEC,0x7F,0x00,0x00,0x9C,0x3F,0x00,0x00,0x7C,0x00,0x00,0x00,0x7C,0x00,0x00,0x00,0x7C,0x00,0x00,0x00,0x7C,0x00,0x00,0x00,0x7C,0x00,0x00,0x00,0x7C,0x00,0x00,0x00,0x7C,0x00,0x00,0x00,0x9C,0x3F,0xFC,0x07,0xEC,0x7F,0xFE,0x0F,0xF0,0x7F,0xFE,0x3F,0x00,0x00,0x00,0x00,0x00,0x00,0x00,0x00},/*"7",23*/
{0x00,0x00,0x00,0x00,0xF0,0x7F,0xFE,0x0F,0xEC,0x7F,0xFE,0x37,0x9C,0xBF,0xFD,0x39,0x7C,0xE0,0x03,0x3E,0x7C,0xE0,0x03,0x3E,0x7C,0xE0,0x03,0x3E,0x7C,0xE0,0x03,0x3E,0x7C,0xE0,0x03,0x3E,0x7C,0xE0,0x03,0x3E,0x7C,0xE0,0x03,0x3E,0x9C,0xBF,0xFD,0x39,0xEC,0x7F,0xFE,0x37,0xF0,0x7F,0xFE,0x0F,0x00,0x00,0x00,0x00,0x00,0x00,0x00,0x00},/*"8",24*/
{0x00,0x00,0x00,0x00,0xF0,0x7F,0x00,0x00,0xEC,0x7F,0x00,0x30,0x9C,0xBF,0x01,0x38,0x7C,0xE0,0x03,0x3E,0x7C,0xE0,0x03,0x3E,0x7C,0xE0,0x03,0x3E,0x7C,0xE0,0x03,0x3E,0x7C,0xE0,0x03,0x3E,0x7C,0xE0,0x03,0x3E,0x7C,0xE0,0x03,0x3E,0x9C,0xBF,0xFD,0x39,0xEC,0x7F,0xFE,0x37,0xF0,0x7F,0xFE,0x0F,0x00,0x00,0x00,0x00,0x00,0x00,0x00,0x00},/*"9",25*/
{0x00,0x00,0x00,0x00,0x00,0x00,0x00,0x00,0x00,0x00,0x00,0x00,0x00,0x00,0x00,0x00,0x00,0x00,0x00,0x00,0x00,0x00,0x00,0x00,0x00,0x00,0x00,0x00,0x00,0x3C,0x3C,0x00,0x00,0x3C,0x3C,0x00,0x00,0x00,0x00,0x00,0x00,0x00,0x00,0x00,0x00,0x00,0x00,0x00,0x00,0x00,0x00,0x00,0x00,0x00,0x00,0x00,0x00,0x00,0x00,0x00,0x00,0x00,0x00,0x00},/*":",26*/
{0x00,0x00,0x00,0x00,0x00,0x00,0x00,0x00,0x00,0x00,0x00,0x00,0x00,0x00,0x00,0x00,0x00,0x00,0x00,0x00,0x00,0x00,0x00,0x00,0x00,0x00,0x00,0x00,0x00,0x3C,0x00,0x0E,0x00,0x3C,0x00,0xCE,0x00,0x00,0x00,0xF0,0x00,0x00,0x00,0x00,0x00,0x00,0x00,0x00,0x00,0x00,0x00,0x00,0x00,0x00,0x00,0x00,0x00,0x00,0x00,0x00,0x00,0x00,0x00,0x00},/*";",27*/
{0x00,0x00,0x00,0x00,0x00,0x00,0x00,0x00,0x00,0x00,0x00,0x00,0x00,0x00,0x00,0x00,0x00,0x80,0x01,0x00,0x00,0xE0,0x03,0x00,0x00,0xE0,0x03,0x00,0x00,0xF0,0x0F,0x00,0x00,0x7C,0x3E,0x00,0x00,0x3E,0x7C,0x00,0x80,0x0F,0xF0,0x01,0x00,0x00,0x00,0x00,0x00,0x00,0x00,0x00,0x00,0x00,0x00,0x00,0x00,0x00,0x00,0x00,0x00,0x00,0x00,0x00},/*"<",28*/
{0x00,0x00,0x00,0x00,0x00,0x00,0x00,0x00,0x00,0x00,0x00,0x00,0x00,0x0C,0x30,0x00,0x00,0x3E,0x7C,0x00,0x00,0x3E,0x7C,0x00,0x00,0x3E,0x7C,0x00,0x00,0x3E,0x7C,0x00,0x00,0x3E,0x7C,0x00,0x00,0x3E,0x7C,0x00,0x00,0x3E,0x7C,0x00,0x00,0x0C,0x30,0x00,0x00,0x00,0x00,0x00,0x00,0x00,0x00,0x00,0x00,0x00,0x00,0x00,0x00,0x00,0x00,0x00},/*"=",29*/
{0x00,0x00,0x00,0x00,0x00,0x00,0x00,0x00,0x00,0x00,0x00,0x00,0x00,0x00,0x00,0x00,0x00,0x00,0x00,0x00,0x80,0x0F,0xF0,0x01,0x80,0x0F,0xF0,0x01,0x00,0x3E,0x7C,0x00,0x00,0x7C,0x3E,0x00,0x00,0xF0,0x0F,0x00,0x00,0xE0,0x03,0x00,0x00,0x80,0x01,0x00,0x00,0x00,0x00,0x00,0x00,0x00,0x00,0x00,0x00,0x00,0x00,0x00,0x00,0x00,0x00,0x00},/*">",30*/
{0x00,0x00,0x00,0x00,0x0C,0x00,0x00,0x00,0x1C,0x00,0x00,0x00,0x7C,0x80,0x01,0x00,0x7C,0xE0,0x03,0x00,0x7C,0xE0,0x03,0x3E,0x7C,0xE0,0x03,0x3E,0x7C,0xE0,0x03,0x3E,0x7C,0xE0,0x03,0x3E,0x7C,0xE0,0x03,0x3E,0x7C,0xE0,0x03,0x00,0x9C,0xBF,0x01,0x00,0xEC,0x7F,0x00,0x00,0xF0,0x7F,0x00,0x00,0x00,0x00,0x00,0x00,0x00,0x00,0x00,0x00},/*"?",31*/
{0x00,0x00,0x00,0x00,0xF0,0x7F,0xFE,0x0F,0xEC,0x7F,0xFE,0x37,0x9C,0x3F,0xFC,0x39,0x7C,0x00,0x00,0x3E,0x7C,0x7C,0x3E,0x3E,0x7C,0x7C,0x3E,0x3E,0x7C,0x7E,0x7E,0x3E,0x7C,0x7E,0x7E,0x3E,0x7C,0x3E,0x7C,0x3E,0x7C,0x00,0x00,0x3E,0x9C,0x7F,0x7E,0x3E,0xEC,0x7F,0x7E,0x38,0xF0,0x7F,0x3E,0x30,0x00,0x00,0x00,0x00,0x00,0x00,0x00,0x00},/*"@",32*/
{0x00,0x00,0x00,0x00,0xF0,0x7F,0xFE,0x3F,0xEC,0x7F,0xFE,0x3F,0x9C,0xBF,0xFD,0x0F,0x7C,0xE0,0x03,0x00,0x7C,0xE0,0x03,0x00,0x7C,0xE0,0x03,0x00,0x7C,0xE0,0x03,0x00,0x7C,0xE0,0x03,0x00,0x7C,0xE0,0x03,0x00,0x7C,0xE0,0x03,0x00,0x9C,0xBF,0xFD,0x0F,0xEC,0x7F,0xFE,0x3F,0xF0,0x7F,0xFE,0x3F,0x00,0x00,0x00,0x00,0x00,0x00,0x00,0x00},/*"A",33*/
{0x00,0x00,0x00,0x00,0xF0,0x7F,0xFE,0x0F,0xEC,0x7F,0xFE,0x37,0x9C,0xBF,0xFD,0x39,0x7C,0xE0,0x03,0x3E,0x7C,0xE0,0x03,0x3E,0x7C,0xE0,0x03,0x3E,0x7C,0xE0,0x03,0x3E,0x7C,0xE0,0x03,0x3E,0x7C,0xE0,0x03,0x3E,0x7C,0xE0,0x03,0x3E,0x90,0xBF,0xFD,0x09,0xE0,0x7F,0xFE,0x07,0x80,0x3F,0xFC,0x01,0x00,0x00,0x00,0x00,0x00,0x00,0x00,0x00},/*"B",34*/
{0x00,0x00,0x00,0x00,0xF0,0x7F,0xFE,0x0F,0xEC,0x7F,0xFE,0x37,0x9C,0x3F,0xFC,0x39,0x7C,0x00,0x00,0x3E,0x7C,0x00,0x00,0x3E,0x7C,0x00,0x00,0x3E,0x7C,0x00,0x00,0x3E,0x7C,0x00,0x00,0x3E,0x7C,0x00,0x00,0x3E,0x7C,0x00,0x00,0x3E,0x7C,0x00,0x00,0x3E,0x1C,0x00,0x00,0x38,0x0C,0x00,0x00,0x30,0x00,0x00,0x00,0x00,0x00,0x00,0x00,0x00},/*"C",35*/
{0x00,0x00,0x00,0x00,0xF0,0x7F,0xFE,0x0F,0xEC,0x7F,0xFE,0x37,0x9C,0x3F,0xFC,0x39,0x7C,0x00,0x00,0x3E,0x7C,0x00,0x00,0x3E,0x7C,0x00,0x00,0x3E,0x7C,0x00,0x00,0x3E,0x7C,0x00,0x00,0x3E,0x7C,0x00,0x00,0x3E,0x7C,0x00,0x00,0x3E,0x90,0x3F,0xFC,0x09,0xE0,0x7F,0xFE,0x07,0x80,0x3F,0xFC,0x01,0x00,0x00,0x00,0x00,0x00,0x00,0x00,0x00},/*"D",36*/
{0x00,0x00,0x00,0x00,0xF0,0x7F,0xFE,0x0F,0xEC,0x7F,0xFE,0x37,0x9C,0xBF,0xFD,0x39,0x7C,0xE0,0x03,0x3E,0x7C,0xE0,0x03,0x3E,0x7C,0xE0,0x03,0x3E,0x7C,0xE0,0x03,0x3E,0x7C,0xE0,0x03,0x3E,0x7C,0xE0,0x03,0x3E,0x7C,0xE0,0x03,0x3E,0x7C,0x80,0x01,0x3E,0x1C,0x00,0x00,0x38,0x0C,0x00,0x00,0x30,0x00,0x00,0x00,0x00,0x00,0x00,0x00,0x00},/*"E",37*/
{0x00,0x00,0x00,0x00,0xF0,0x7F,0xFE,0x3F,0xEC,0x7F,0xFE,0x3F,0x9C,0xBF,0xFD,0x0F,0x7C,0xE0,0x03,0x00,0x7C,0xE0,0x03,0x00,0x7C,0xE0,0x03,0x00,0x7C,0xE0,0x03,0x00,0x7C,0xE0,0x03,0x00,0x7C,0xE0,0x03,0x00,0x7C,0xE0,0x03,0x00,0x7C,0x80,0x01,0x00,0x1C,0x00,0x00,0x00,0x0C,0x00,0x00,0x00,0x00,0x00,0x00,0x00,0x00,0x00,0x00,0x00},/*"F",38*/
{0x00,0x00,0x00,0x00,0xF0,0x7F,0xFE,0x0F,0xEC,0x7F,0xFE,0x37,0x9C,0x3F,0xFC,0x39,0x7C,0x00,0x00,0x3E,0x7C,0x00,0x00,0x3E,0x7C,0x00,0x00,0x3E,0x7C,0x80,0x01,0x3E,0x7C,0xE0,0x03,0x3E,0x7C,0xE0,0x03,0x3E,0x7C,0xE0,0x03,0x3E,0x1C,0x80,0xFD,0x39,0x0C,0x00,0xFE,0x37,0x00,0x00,0xFE,0x0F,0x00,0x00,0x00,0x00,0x00,0x00,0x00,0x00},/*"G",39*/
{0x00,0x00,0x00,0x00,0xFC,0x7F,0xFE,0x3F,0xFC,0x7F,0xFE,0x3F,0xF0,0xBF,0xFD,0x0F,0x00,0xE0,0x03,0x00,0x00,0xE0,0x03,0x00,0x00,0xE0,0x03,0x00,0x00,0xE0,0x03,0x00,0x00,0xE0,0x03,0x00,0x00,0xE0,0x03,0x00,0x00,0xE0,0x03,0x00,0xF0,0xBF,0xFD,0x0F,0xFC,0x7F,0xFE,0x3F,0xFC,0x7F,0xFE,0x3F,0x00,0x00,0x00,0x00,0x00,0x00,0x00,0x00},/*"H",40*/
{0x00,0x00,0x00,0x00,0x00,0x00,0x00,0x00,0x00,0x00,0x00,0x00,0x7C,0x00,0x00,0x3E,0x7C,0x00,0x00,0x3E,0xFC,0x7F,0xFE,0x3F,0x9C,0x7F,0xFE,0x39,0xEC,0xFF,0xFF,0x37,0x9C,0x7F,0xFE,0x39,0x7C,0x00,0x00,0x3E,0x7C,0x00,0x00,0x3E,0x00,0x00,0x00,0x00,0x00,0x00,0x00,0x00,0x00,0x00,0x00,0x00,0x00,0x00,0x00,0x00,0x00,0x00,0x00,0x00},/*"I",41*/
{0x00,0x00,0x00,0x00,0x00,0x00,0xFE,0x0F,0x0C,0x00,0xFE,0x37,0x1C,0x00,0xFC,0x39,0x7C,0x00,0x00,0x3E,0x7C,0x00,0x00,0x3E,0x7C,0x00,0x00,0x3E,0x7C,0x00,0x00,0x3E,0x7C,0x00,0x00,0x3E,0x7C,0x00,0x00,0x3E,0x7C,0x00,0x00,0x3E,0x9C,0x3F,0xFC,0x39,0xEC,0x7F,0xFE,0x37,0xF0,0x7F,0xFE,0x0F,0x00,0x00,0x00,0x00,0x00,0x00,0x00,0x00},/*"J",42*/
{0x00,0x00,0x00,0x00,0xFC,0x7F,0xFE,0x3F,0xFC,0x7F,0xFE,0x3F,0xF0,0xBF,0xFD,0x0F,0x00,0xE0,0x03,0x00,0x00,0xE0,0x03,0x00,0x00,0xE0,0x03,0x00,0x00,0xBC,0x3D,0x00,0x00,0x3E,0x7C,0x00,0x80,0x3F,0xFC,0x01,0xE0,0x0F,0xF0,0x07,0xF0,0x03,0xC0,0x0F,0xFC,0x01,0x80,0x3F,0x7C,0x00,0x00,0x3E,0x00,0x00,0x00,0x00,0x00,0x00,0x00,0x00},/*"K",43*/
{0x00,0x00,0x00,0x00,0xFC,0x7F,0xFE,0x0F,0xF0,0x7F,0xFE,0x37,0xE0,0x3F,0xFC,0x39,0x00,0x00,0x00,0x3E,0x00,0x00,0x00,0x3E,0x00,0x00,0x00,0x3E,0x00,0x00,0x00,0x3E,0x00,0x00,0x00,0x3E,0x00,0x00,0x00,0x3E,0x00,0x00,0x00,0x3E,0x00,0x00,0x00,0x38,0x00,0x00,0x00,0x30,0x00,0x00,0x00,0x00,0x00,0x00,0x00,0x00,0x00,0x00,0x00,0x00},/*"L",44*/
{0x00,0x00,0x00,0x00,0xFC,0x7F,0xFE,0x3F,0xF0,0x7F,0xFE,0x3F,0xE0,0x3F,0xFC,0x0F,0x00,0x00,0x00,0x00,0x00,0x7E,0x00,0x00,0x00,0x7E,0x00,0x00,0x00,0xFC,0x01,0x00,0x00,0xF0,0x03,0x00,0x00,0xFC,0x01,0x00,0x00,0x7E,0x00,0x00,0x00,0x00,0x00,0x00,0xE0,0x3F,0xFC,0x0F,0xF0,0x7F,0xFE,0x3F,0xFC,0x7F,0xFE,0x3F,0x00,0x00,0x00,0x00},/*"M",45*/
{0x00,0x00,0x00,0x00,0xFC,0x7F,0xFE,0x3F,0xFC,0x7F,0xFE,0x3F,0xF0,0x3F,0xFC,0x0F,0x00,0x00,0x00,0x00,0x00,0xFC,0x01,0x00,0x00,0xFC,0x01,0x00,0x00,0xF0,0x03,0x00,0x00,0xE0,0x0F,0x00,0x00,0x80,0x3F,0x00,0x00,0x00,0x00,0x00,0xF0,0x3F,0xFC,0x0F,0xFC,0x7F,0xFE,0x3F,0xFC,0x7F,0xFE,0x3F,0x00,0x00,0x00,0x00,0x00,0x00,0x00,0x00},/*"N",46*/
{0x00,0x00,0x00,0x00,0xF0,0x7F,0xFE,0x0F,0xEC,0x7F,0xFE,0x37,0x9C,0x3F,0xFC,0x39,0x7C,0x00,0x00,0x3E,0x7C,0x00,0x00,0x3E,0x7C,0x00,0x00,0x3E,0x7C,0x00,0x00,0x3E,0x7C,0x00,0x00,0x3E,0x7C,0x00,0x00,0x3E,0x7C,0x00,0x00,0x3E,0x9C,0x3F,0xFC,0x39,0xEC,0x7F,0xFE,0x37,0xF0,0x7F,0xFE,0x0F,0x00,0x00,0x00,0x00,0x00,0x00,0x00,0x00},/*"O",47*/
{0x00,0x00,0x00,0x00,0xF0,0x7F,0xFE,0x3F,0xEC,0x7F,0xFE,0x3F,0x9C,0xBF,0xFD,0x0F,0x7C,0xE0,0x03,0x00,0x7C,0xE0,0x03,0x00,0x7C,0xE0,0x03,0x00,0x7C,0xE0,0x03,0x00,0x7C,0xE0,0x03,0x00,0x7C,0xE0,0x03,0x00,0x7C,0xE0,0x03,0x00,0x9C,0xBF,0x01,0x00,0xEC,0x7F,0x00,0x00,0xF0,0x7F,0x00,0x00,0x00,0x00,0x00,0x00,0x00,0x00,0x00,0x00},/*"P",48*/
{0x00,0x00,0x00,0x00,0xF0,0x7F,0xFE,0x0F,0xEC,0x7F,0xFE,0x37,0x9C,0x3F,0xFC,0x39,0x7C,0x00,0x00,0x3E,0x7C,0x00,0x00,0x3E,0x7C,0x00,0x00,0x3E,0x7C,0x00,0x00,0x3E,0x7C,0x00,0x00,0x3E,0x7C,0x00,0x00,0x3E,0x7C,0x00,0x00,0x0E,0x9C,0x3F,0xFC,0x31,0xEC,0x7F,0xFE,0xF9,0xF0,0x7F,0xFE,0xF9,0x00,0x00,0x00,0xF0,0x00,0x00,0x00,0x00},/*"Q",49*/
{0x00,0x00,0x00,0x00,0xF0,0x7F,0xFE,0x3F,0xEC,0x7F,0xFE,0x3F,0x9C,0xBF,0xFD,0x0F,0x7C,0xE0,0x03,0x00,0x7C,0xE0,0x03,0x00,0x7C,0xE0,0x03,0x00,0x7C,0xE0,0x03,0x00,0x7C,0xE0,0x73,0x00,0x7C,0xE0,0xF3,0x01,0x7C,0xE0,0xF3,0x07,0x9C,0xBF,0xC1,0x0F,0xEC,0x7F,0x80,0x3F,0xF0,0x7F,0x00,0x3E,0x00,0x00,0x00,0x00,0x00,0x00,0x00,0x00},/*"R",50*/
{0x00,0x00,0x00,0x00,0x80,0x7F,0x00,0x38,0xE0,0x7F,0x00,0x3E,0x90,0xBF,0x01,0x3E,0x7C,0xE0,0x03,0x3E,0x7C,0xE0,0x03,0x3E,0x7C,0xE0,0x03,0x3E,0x7C,0xE0,0x03,0x3E,0x7C,0xE0,0x03,0x3E,0x7C,0xE0,0x03,0x3E,0x7C,0xE0,0x03,0x3E,0x7C,0x80,0xFD,0x09,0x7C,0x00,0xFE,0x07,0x1C,0x00,0xFE,0x01,0x00,0x00,0x00,0x00,0x00,0x00,0x00,0x00},/*"S",51*/
{0x00,0x00,0x00,0x00,0x1C,0x00,0x00,0x00,0x7C,0x00,0x00,0x00,0x7C,0x00,0x00,0x00,0x7C,0x00,0x00,0x00,0x7C,0x7E,0xFE,0x3F,0x7C,0x7E,0xFE,0x3F,0x9C,0xFF,0xFF,0x3F,0x7C,0x7E,0xFE,0x3F,0x7C,0x00,0x00,0x00,0x7C,0x00,0x00,0x00,0x7C,0x00,0x00,0x00,0x1C,0x00,0x00,0x00,0x00,0x00,0x00,0x00,0x00,0x00,0x00,0x00,0x00,0x00,0x00,0x00},/*"T",52*/
{0x00,0x00,0x00,0x00,0xFC,0x7F,0xFE,0x0F,0xFC,0x7F,0xFE,0x37,0xF0,0x3F,0xFC,0x39,0x00,0x00,0x00,0x3E,0x00,0x00,0x00,0x3E,0x00,0x00,0x00,0x3E,0x00,0x00,0x00,0x3E,0x00,0x00,0x00,0x3E,0x00,0x00,0x00,0x3E,0x00,0x00,0x00,0x3E,0xF0,0x3F,0xFC,0x39,0xFC,0x7F,0xFE,0x37,0xFC,0x7F,0xFE,0x0F,0x00,0x00,0x00,0x00,0x00,0x00,0x00,0x00},/*"U",53*/
{0x00,0x00,0x00,0x00,0xFC,0x7F,0x3E,0x00,0xFC,0x7F,0x7E,0x00,0xF0,0x3F,0xFC,0x01,0x00,0x00,0xF0,0x07,0x00,0x00,0xF0,0x0F,0x00,0x00,0xC0,0x09,0x00,0x00,0x00,0x3E,0x00,0x00,0x00,0x3E,0x00,0x00,0xC0,0x09,0x00,0x00,0xF0,0x07,0xF0,0x3F,0xFC,0x01,0xFC,0x7F,0x7E,0x00,0xFC,0x7F,0x3E,0x00,0x00,0x00,0x00,0x00,0x00,0x00,0x00,0x00},/*"V",54*/
{0x00,0x00,0x00,0x00,0xFC,0x7F,0xFE,0x0F,0xFC,0x7F,0xFE,0x37,0xF0,0x3F,0xFC,0x39,0x00,0x00,0x00,0x3E,0x00,0x00,0x00,0x3E,0x00,0x00,0x00,0x3E,0x00,0x7E,0x7E,0x3E,0x80,0xFF,0xFF,0x39,0x00,0x7E,0x7E,0x3E,0x00,0x00,0x00,0x3E,0x00,0x00,0x00,0x3E,0xF0,0x3F,0xFC,0x39,0xFC,0x7F,0xFE,0x37,0xFC,0x7F,0xFE,0x0F,0x00,0x00,0x00,0x00},/*"W",55*/
{0x00,0x00,0x00,0x00,0x7C,0x00,0x00,0x3E,0xFC,0x01,0x80,0x3F,0xF0,0x03,0xC0,0x0F,0xE0,0x0F,0xF0,0x07,0xE0,0x3F,0xFC,0x07,0x80,0x3F,0xFC,0x01,0x00,0xEE,0x73,0x00,0x00,0xF0,0x0F,0x00,0x00,0xEE,0x73,0x00,0x80,0x3F,0xFC,0x01,0xE0,0x0F,0xF0,0x07,0xF0,0x03,0xC0,0x0F,0xFC,0x01,0x80,0x3F,0x7C,0x00,0x00,0x3E,0x00,0x00,0x00,0x00},/*"X",56*/
{0x00,0x00,0x00,0x00,0xFC,0x7F,0x00,0x30,0xFC,0x7F,0x00,0x38,0xF0,0xBF,0x01,0x3E,0x00,0xE0,0x03,0x3E,0x00,0xE0,0x03,0x3E,0x00,0xE0,0x03,0x3E,0x00,0xE0,0x03,0x3E,0x00,0xE0,0x03,0x3E,0x00,0xE0,0x03,0x3E,0x00,0xE0,0x03,0x3E,0xF0,0xBF,0xFD,0x39,0xFC,0x7F,0xFE,0x37,0xFC,0x7F,0xFE,0x0F,0x00,0x00,0x00,0x00,0x00,0x00,0x00,0x00},/*"Y",57*/
{0x00,0x00,0x00,0x00,0x1C,0x00,0xC0,0x0F,0x7C,0x00,0xF0,0x37,0x7C,0x00,0xFC,0x39,0x7C,0x00,0x7E,0x3E,0x7C,0x80,0x7F,0x3E,0x7C,0x80,0x3F,0x3E,0x7C,0x60,0x0E,0x3E,0x7C,0x70,0x02,0x3E,0x7C,0xFC,0x01,0x3E,0x7C,0x7E,0x00,0x3E,0x9C,0x3F,0x00,0x3E,0xEC,0x0F,0x00,0x3E,0xF0,0x03,0x00,0x38,0x00,0x00,0x00,0x00,0x00,0x00,0x00,0x00},/*"Z",58*/
{0x00,0x00,0x00,0x00,0xF0,0x7F,0xFE,0x3F,0xEC,0x7F,0xFE,0xCF,0x9C,0x3F,0xFC,0xF7,0x7C,0x00,0x00,0xF8,0x7C,0x00,0x00,0xF8,0x1C,0x00,0x00,0xF0,0x0C,0x00,0x00,0xC0,0x00,0x00,0x00,0x00,0x00,0x00,0x00,0x00,0x00,0x00,0x00,0x00,0x00,0x00,0x00,0x00,0x00,0x00,0x00,0x00,0x00,0x00,0x00,0x00,0x00,0x00,0x00,0x00,0x00,0x00,0x00,0x00},/*"[",59*/
{0x00,0x00,0x00,0x00,0xE0,0x03,0x00,0x00,0xE0,0x0F,0x00,0x00,0x80,0x3F,0x00,0x00,0x00,0x7E,0x00,0x00,0x00,0xFE,0x01,0x00,0x00,0xFC,0x01,0x00,0x00,0xF0,0x03,0x00,0x00,0xE0,0x0F,0x00,0x00,0x80,0x3F,0x00,0x00,0x00,0x7E,0x00,0x00,0x00,0xFC,0x01,0x00,0x00,0xF0,0x07,0x00,0x00,0xC0,0x07,0x00,0x00,0x00,0x00,0x00,0x00,0x00,0x00},/*"\",60*/
{0x00,0x00,0x00,0x00,0x00,0x00,0x00,0x00,0x00,0x00,0x00,0x00,0x00,0x00,0x00,0x00,0x00,0x00,0x00,0x00,0x00,0x00,0x00,0x00,0x00,0x00,0x00,0x00,0x00,0x00,0x00,0x00,0x0C,0x00,0x00,0xC0,0x1C,0x00,0x00,0xF0,0x7C,0x00,0x00,0xF8,0x9C,0x3F,0xFC,0xF7,0xEC,0x7F,0xFE,0xCF,0xF0,0x7F,0xFE,0x3F,0x00,0x00,0x00,0x00,0x00,0x00,0x00,0x00},/*"]",61*/
{0x00,0x00,0x00,0x00,0x00,0x0C,0x00,0x00,0x00,0x0E,0x00,0x00,0x80,0x0F,0x00,0x00,0xE0,0x03,0x00,0x00,0xF0,0x03,0x00,0x00,0xF0,0x01,0x00,0x00,0x7C,0x00,0x00,0x00,0xF0,0x01,0x00,0x00,0xE0,0x03,0x00,0x00,0x80,0x0F,0x00,0x00,0x00,0x0E,0x00,0x00,0x00,0x0C,0x00,0x00,0x00,0x00,0x00,0x00,0x00,0x00,0x00,0x00,0x00,0x00,0x00,0x00},/*"^",62*/
{0x00,0x00,0x00,0x00,0x00,0x00,0x00,0x30,0x00,0x00,0x00,0x38,0x00,0x00,0x00,0x3E,0x00,0x00,0x00,0x3E,0x00,0x00,0x00,0x3E,0x00,0x00,0x00,0x3E,0x00,0x00,0x00,0x3E,0x00,0x00,0x00,0x3E,0x00,0x00,0x00,0x3E,0x00,0x00,0x00,0x3E,0x00,0x00,0x00,0x3E,0x00,0x00,0x00,0x38,0x00,0x00,0x00,0x30,0x00,0x00,0x00,0x00,0x00,0x00,0x00,0x00},/*"_",63*/
{0x00,0x00,0x00,0x00,0x00,0x00,0x00,0x00,0x00,0x00,0x00,0x00,0x00,0x00,0x00,0x00,0x00,0x00,0x00,0x00,0x1C,0x00,0x00,0x00,0x1C,0x00,0x00,0x00,0x7C,0x00,0x00,0x00,0xF0,0x01,0x00,0x00,0xE0,0x01,0x00,0x00,0x00,0x00,0x00,0x00,0x00,0x00,0x00,0x00,0x00,0x00,0x00,0x00,0x00,0x00,0x00,0x00,0x00,0x00,0x00,0x00,0x00,0x00,0x00,0x00},/*"`",64*/
{0x00,0x00,0x00,0x00,0xF0,0x7F,0xFE,0x3F,0xEC,0x7F,0xFE,0x3F,0x9C,0xBF,0xFD,0x0F,0x7C,0xE0,0x03,0x00,0x7C,0xE0,0x03,0x00,0x7C,0xE0,0x03,0x00,0x7C,0xE0,0x03,0x00,0x7C,0xE0,0x03,0x00,0x7C,0xE0,0x03,0x00,0x7C,0xE0,0x03,0x00,0x9C,0xBF,0xFD,0x0F,0xEC,0x7F,0xFE,0x3F,0xF0,0x7F,0xFE,0x3F,0x00,0x00,0x00,0x00,0x00,0x00,0x00,0x00},/*"a",65*/
{0x00,0x00,0x00,0x00,0xF0,0x7F,0xFE,0x0F,0xEC,0x7F,0xFE,0x37,0x9C,0xBF,0xFD,0x39,0x7C,0xE0,0x03,0x3E,0x7C,0xE0,0x03,0x3E,0x7C,0xE0,0x03,0x3E,0x7C,0xE0,0x03,0x3E,0x7C,0xE0,0x03,0x3E,0x7C,0xE0,0x03,0x3E,0x7C,0xE0,0x03,0x3E,0x90,0xBF,0xFD,0x09,0xE0,0x7F,0xFE,0x07,0x80,0x3F,0xFC,0x01,0x00,0x00,0x00,0x00,0x00,0x00,0x00,0x00},/*"b",66*/
{0x00,0x00,0x00,0x00,0xF0,0x7F,0xFE,0x0F,0xEC,0x7F,0xFE,0x37,0x9C,0x3F,0xFC,0x39,0x7C,0x00,0x00,0x3E,0x7C,0x00,0x00,0x3E,0x7C,0x00,0x00,0x3E,0x7C,0x00,0x00,0x3E,0x7C,0x00,0x00,0x3E,0x7C,0x00,0x00,0x3E,0x7C,0x00,0x00,0x3E,0x7C,0x00,0x00,0x3E,0x1C,0x00,0x00,0x38,0x0C,0x00,0x00,0x30,0x00,0x00,0x00,0x00,0x00,0x00,0x00,0x00},/*"c",67*/
{0x00,0x00,0x00,0x00,0xF0,0x7F,0xFE,0x0F,0xEC,0x7F,0xFE,0x37,0x9C,0x3F,0xFC,0x39,0x7C,0x00,0x00,0x3E,0x7C,0x00,0x00,0x3E,0x7C,0x00,0x00,0x3E,0x7C,0x00,0x00,0x3E,0x7C,0x00,0x00,0x3E,0x7C,0x00,0x00,0x3E,0x7C,0x00,0x00,0x3E,0x90,0x3F,0xFC,0x09,0xE0,0x7F,0xFE,0x07,0x80,0x3F,0xFC,0x01,0x00,0x00,0x00,0x00,0x00,0x00,0x00,0x00},/*"d",68*/
{0x00,0x00,0x00,0x00,0xF0,0x7F,0xFE,0x0F,0xEC,0x7F,0xFE,0x37,0x9C,0xBF,0xFD,0x39,0x7C,0xE0,0x03,0x3E,0x7C,0xE0,0x03,0x3E,0x7C,0xE0,0x03,0x3E,0x7C,0xE0,0x03,0x3E,0x7C,0xE0,0x03,0x3E,0x7C,0xE0,0x03,0x3E,0x7C,0xE0,0x03,0x3E,0x7C,0x80,0x01,0x3E,0x1C,0x00,0x00,0x38,0x0C,0x00,0x00,0x30,0x00,0x00,0x00,0x00,0x00,0x00,0x00,0x00},/*"e",69*/
{0x00,0x00,0x00,0x00,0xF0,0x7F,0xFE,0x3F,0xEC,0x7F,0xFE,0x3F,0x9C,0xBF,0xFD,0x0F,0x7C,0xE0,0x03,0x00,0x7C,0xE0,0x03,0x00,0x7C,0xE0,0x03,0x00,0x7C,0xE0,0x03,0x00,0x7C,0xE0,0x03,0x00,0x7C,0xE0,0x03,0x00,0x7C,0xE0,0x03,0x00,0x7C,0x80,0x01,0x00,0x1C,0x00,0x00,0x00,0x0C,0x00,0x00,0x00,0x00,0x00,0x00,0x00,0x00,0x00,0x00,0x00},/*"f",70*/
{0x00,0x00,0x00,0x00,0xF0,0x7F,0xFE,0x0F,0xEC,0x7F,0xFE,0x37,0x9C,0x3F,0xFC,0x39,0x7C,0x00,0x00,0x3E,0x7C,0x00,0x00,0x3E,0x7C,0x00,0x00,0x3E,0x7C,0x80,0x01,0x3E,0x7C,0xE0,0x03,0x3E,0x7C,0xE0,0x03,0x3E,0x7C,0xE0,0x03,0x3E,0x1C,0x80,0xFD,0x39,0x0C,0x00,0xFE,0x37,0x00,0x00,0xFE,0x0F,0x00,0x00,0x00,0x00,0x00,0x00,0x00,0x00},/*"g",71*/
{0x00,0x00,0x00,0x00,0xFC,0x7F,0xFE,0x3F,0xFC,0x7F,0xFE,0x3F,0xF0,0xBF,0xFD,0x0F,0x00,0xE0,0x03,0x00,0x00,0xE0,0x03,0x00,0x00,0xE0,0x03,0x00,0x00,0xE0,0x03,0x00,0x00,0xE0,0x03,0x00,0x00,0xE0,0x03,0x00,0x00,0xE0,0x03,0x00,0xF0,0xBF,0xFD,0x0F,0xFC,0x7F,0xFE,0x3F,0xFC,0x7F,0xFE,0x3F,0x00,0x00,0x00,0x00,0x00,0x00,0x00,0x00},/*"h",72*/
{0x00,0x00,0x00,0x00,0x00,0x00,0x00,0x00,0x00,0x00,0x00,0x00,0x7C,0x00,0x00,0x3E,0x7C,0x00,0x00,0x3E,0xFC,0x7F,0xFE,0x3F,0x9C,0x7F,0xFE,0x39,0xEC,0xFF,0xFF,0x37,0x9C,0x7F,0xFE,0x39,0x7C,0x00,0x00,0x3E,0x7C,0x00,0x00,0x3E,0x00,0x00,0x00,0x00,0x00,0x00,0x00,0x00,0x00,0x00,0x00,0x00,0x00,0x00,0x00,0x00,0x00,0x00,0x00,0x00},/*"i",73*/
{0x00,0x00,0x00,0x00,0x00,0x00,0xFE,0x0F,0x0C,0x00,0xFE,0x37,0x1C,0x00,0xFC,0x39,0x7C,0x00,0x00,0x3E,0x7C,0x00,0x00,0x3E,0x7C,0x00,0x00,0x3E,0x7C,0x00,0x00,0x3E,0x7C,0x00,0x00,0x3E,0x7C,0x00,0x00,0x3E,0x7C,0x00,0x00,0x3E,0x9C,0x3F,0xFC,0x39,0xEC,0x7F,0xFE,0x37,0xF0,0x7F,0xFE,0x0F,0x00,0x00,0x00,0x00,0x00,0x00,0x00,0x00},/*"j",74*/
{0x00,0x00,0x00,0x00,0xFC,0x7F,0xFE,0x3F,0xFC,0x7F,0xFE,0x3F,0xF0,0xBF,0xFD,0x0F,0x00,0xE0,0x03,0x00,0x00,0xE0,0x03,0x00,0x00,0xE0,0x03,0x00,0x00,0xBC,0x3D,0x00,0x00,0x3E,0x7C,0x00,0x80,0x3F,0xFC,0x01,0xE0,0x0F,0xF0,0x07,0xF0,0x03,0xC0,0x0F,0xFC,0x01,0x80,0x3F,0x7C,0x00,0x00,0x3E,0x00,0x00,0x00,0x00,0x00,0x00,0x00,0x00},/*"k",75*/
{0x00,0x00,0x00,0x00,0xFC,0x7F,0xFE,0x0F,0xF0,0x7F,0xFE,0x37,0xE0,0x3F,0xFC,0x39,0x00,0x00,0x00,0x3E,0x00,0x00,0x00,0x3E,0x00,0x00,0x00,0x3E,0x00,0x00,0x00,0x3E,0x00,0x00,0x00,0x3E,0x00,0x00,0x00,0x3E,0x00,0x00,0x00,0x3E,0x00,0x00,0x00,0x38,0x00,0x00,0x00,0x30,0x00,0x00,0x00,0x00,0x00,0x00,0x00,0x00,0x00,0x00,0x00,0x00},/*"l",76*/
{0x00,0x00,0x00,0x00,0xFC,0x7F,0xFE,0x3F,0xF0,0x7F,0xFE,0x3F,0xE0,0x3F,0xFC,0x0F,0x00,0x00,0x00,0x00,0x00,0x7E,0x00,0x00,0x00,0x7E,0x00,0x00,0x00,0xFC,0x01,0x00,0x00,0xF0,0x03,0x00,0x00,0xFC,0x01,0x00,0x00,0x7E,0x00,0x00,0x00,0x00,0x00,0x00,0xE0,0x3F,0xFC,0x0F,0xF0,0x7F,0xFE,0x3F,0xFC,0x7F,0xFE,0x3F,0x00,0x00,0x00,0x00},/*"m",77*/
{0x00,0x00,0x00,0x00,0xFC,0x7F,0xFE,0x3F,0xFC,0x7F,0xFE,0x3F,0xF0,0x3F,0xFC,0x0F,0x00,0x00,0x00,0x00,0x00,0xFC,0x01,0x00,0x00,0xFC,0x01,0x00,0x00,0xF0,0x03,0x00,0x00,0xE0,0x0F,0x00,0x00,0x80,0x3F,0x00,0x00,0x00,0x00,0x00,0xF0,0x3F,0xFC,0x0F,0xFC,0x7F,0xFE,0x3F,0xFC,0x7F,0xFE,0x3F,0x00,0x00,0x00,0x00,0x00,0x00,0x00,0x00},/*"n",78*/
{0x00,0x00,0x00,0x00,0xF0,0x7F,0xFE,0x0F,0xEC,0x7F,0xFE,0x37,0x9C,0x3F,0xFC,0x39,0x7C,0x00,0x00,0x3E,0x7C,0x00,0x00,0x3E,0x7C,0x00,0x00,0x3E,0x7C,0x00,0x00,0x3E,0x7C,0x00,0x00,0x3E,0x7C,0x00,0x00,0x3E,0x7C,0x00,0x00,0x3E,0x9C,0x3F,0xFC,0x39,0xEC,0x7F,0xFE,0x37,0xF0,0x7F,0xFE,0x0F,0x00,0x00,0x00,0x00,0x00,0x00,0x00,0x00},/*"o",79*/
{0x00,0x00,0x00,0x00,0xF0,0x7F,0xFE,0x3F,0xEC,0x7F,0xFE,0x3F,0x9C,0xBF,0xFD,0x0F,0x7C,0xE0,0x03,0x00,0x7C,0xE0,0x03,0x00,0x7C,0xE0,0x03,0x00,0x7C,0xE0,0x03,0x00,0x7C,0xE0,0x03,0x00,0x7C,0xE0,0x03,0x00,0x7C,0xE0,0x03,0x00,0x9C,0xBF,0x01,0x00,0xEC,0x7F,0x00,0x00,0xF0,0x7F,0x00,0x00,0x00,0x00,0x00,0x00,0x00,0x00,0x00,0x00},/*"p",80*/
{0x00,0x00,0x00,0x00,0xF0,0x7F,0xFE,0x0F,0xEC,0x7F,0xFE,0x37,0x9C,0x3F,0xFC,0x39,0x7C,0x00,0x00,0x3E,0x7C,0x00,0x00,0x3E,0x7C,0x00,0x00,0x3E,0x7C,0x00,0x00,0x3E,0x7C,0x00,0x00,0x3E,0x7C,0x00,0x00,0x3E,0x7C,0x00,0x00,0x0E,0x9C,0x3F,0xFC,0x31,0xEC,0x7F,0xFE,0xF9,0xF0,0x7F,0xFE,0xF9,0x00,0x00,0x00,0xF0,0x00,0x00,0x00,0x00},/*"q",81*/
{0x00,0x00,0x00,0x00,0xF0,0x7F,0xFE,0x3F,0xEC,0x7F,0xFE,0x3F,0x9C,0xBF,0xFD,0x0F,0x7C,0xE0,0x03,0x00,0x7C,0xE0,0x03,0x00,0x7C,0xE0,0x03,0x00,0x7C,0xE0,0x03,0x00,0x7C,0xE0,0x73,0x00,0x7C,0xE0,0xF3,0x01,0x7C,0xE0,0xF3,0x07,0x9C,0xBF,0xC1,0x0F,0xEC,0x7F,0x80,0x3F,0xF0,0x7F,0x00,0x3E,0x00,0x00,0x00,0x00,0x00,0x00,0x00,0x00},/*"r",82*/
{0x00,0x00,0x00,0x00,0x80,0x7F,0x00,0x38,0xE0,0x7F,0x00,0x3E,0x90,0xBF,0x01,0x3E,0x7C,0xE0,0x03,0x3E,0x7C,0xE0,0x03,0x3E,0x7C,0xE0,0x03,0x3E,0x7C,0xE0,0x03,0x3E,0x7C,0xE0,0x03,0x3E,0x7C,0xE0,0x03,0x3E,0x7C,0xE0,0x03,0x3E,0x7C,0x80,0xFD,0x09,0x7C,0x00,0xFE,0x07,0x1C,0x00,0xFE,0x01,0x00,0x00,0x00,0x00,0x00,0x00,0x00,0x00},/*"s",83*/
{0x00,0x00,0x00,0x00,0x1C,0x00,0x00,0x00,0x7C,0x00,0x00,0x00,0x7C,0x00,0x00,0x00,0x7C,0x00,0x00,0x00,0x7C,0x7E,0xFE,0x3F,0x7C,0x7E,0xFE,0x3F,0x9C,0xFF,0xFF,0x3F,0x7C,0x7E,0xFE,0x3F,0x7C,0x00,0x00,0x00,0x7C,0x00,0x00,0x00,0x7C,0x00,0x00,0x00,0x1C,0x00,0x00,0x00,0x00,0x00,0x00,0x00,0x00,0x00,0x00,0x00,0x00,0x00,0x00,0x00},/*"t",84*/
{0x00,0x00,0x00,0x00,0xFC,0x7F,0xFE,0x0F,0xFC,0x7F,0xFE,0x37,0xF0,0x3F,0xFC,0x39,0x00,0x00,0x00,0x3E,0x00,0x00,0x00,0x3E,0x00,0x00,0x00,0x3E,0x00,0x00,0x00,0x3E,0x00,0x00,0x00,0x3E,0x00,0x00,0x00,0x3E,0x00,0x00,0x00,0x3E,0xF0,0x3F,0xFC,0x39,0xFC,0x7F,0xFE,0x37,0xFC,0x7F,0xFE,0x0F,0x00,0x00,0x00,0x00,0x00,0x00,0x00,0x00},/*"u",85*/
{0x00,0x00,0x00,0x00,0xFC,0x7F,0x3E,0x00,0xFC,0x7F,0x7E,0x00,0xF0,0x3F,0xFC,0x01,0x00,0x00,0xF0,0x07,0x00,0x00,0xF0,0x0F,0x00,0x00,0xC0,0x09,0x00,0x00,0x00,0x3E,0x00,0x00,0x00,0x3E,0x00,0x00,0xC0,0x09,0x00,0x00,0xF0,0x07,0xF0,0x3F,0xFC,0x01,0xFC,0x7F,0x7E,0x00,0xFC,0x7F,0x3E,0x00,0x00,0x00,0x00,0x00,0x00,0x00,0x00,0x00},/*"v",86*/
{0x00,0x00,0x00,0x00,0xFC,0x7F,0xFE,0x0F,0xFC,0x7F,0xFE,0x37,0xF0,0x3F,0xFC,0x39,0x00,0x00,0x00,0x3E,0x00,0x00,0x00,0x3E,0x00,0x00,0x00,0x3E,0x00,0x7E,0x7E,0x3E,0x80,0xFF,0xFF,0x39,0x00,0x7E,0x7E,0x3E,0x00,0x00,0x00,0x3E,0x00,0x00,0x00,0x3E,0xF0,0x3F,0xFC,0x39,0xFC,0x7F,0xFE,0x37,0xFC,0x7F,0xFE,0x0F,0x00,0x00,0x00,0x00},/*"w",87*/
{0x00,0x00,0x00,0x00,0x7C,0x00,0x00,0x3E,0xFC,0x01,0x80,0x3F,0xF0,0x03,0xC0,0x0F,0xE0,0x0F,0xF0,0x07,0xE0,0x3F,0xFC,0x07,0x80,0x3F,0xFC,0x01,0x00,0xEE,0x73,0x00,0x00,0xF0,0x0F,0x00,0x00,0xEE,0x73,0x00,0x80,0x3F,0xFC,0x01,0xE0,0x0F,0xF0,0x07,0xF0,0x03,0xC0,0x0F,0xFC,0x01,0x80,0x3F,0x7C,0x00,0x00,0x3E,0x00,0x00,0x00,0x00},/*"x",88*/
{0x00,0x00,0x00,0x00,0xFC,0x7F,0x00,0x30,0xFC,0x7F,0x00,0x38,0xF0,0xBF,0x01,0x3E,0x00,0xE0,0x03,0x3E,0x00,0xE0,0x03,0x3E,0x00,0xE0,0x03,0x3E,0x00,0xE0,0x03,0x3E,0x00,0xE0,0x03,0x3E,0x00,0xE0,0x03,0x3E,0x00,0xE0,0x03,0x3E,0xF0,0xBF,0xFD,0x39,0xFC,0x7F,0xFE,0x37,0xFC,0x7F,0xFE,0x0F,0x00,0x00,0x00,0x00,0x00,0x00,0x00,0x00},/*"y",89*/
{0x00,0x00,0x00,0x00,0x1C,0x00,0xC0,0x0F,0x7C,0x00,0xF0,0x37,0x7C,0x00,0xFC,0x39,0x7C,0x00,0x7E,0x3E,0x7C,0x80,0x7F,0x3E,0x7C,0x80,0x3F,0x3E,0x7C,0x60,0x0E,0x3E,0x7C,0x70,0x02,0x3E,0x7C,0xFC,0x01,0x3E,0x7C,0x7E,0x00,0x3E,0x9C,0x3F,0x00,0x3E,0xEC,0x0F,0x00,0x3E,0xF0,0x03,0x00,0x38,0x00,0x00,0x00,0x00,0x00,0x00,0x00,0x00},/*"z",90*/
{0x00,0xE0,0x03,0x00,0xF0,0xF3,0xCF,0x0F,0xEC,0xEF,0xF3,0x37,0x9C,0xBF,0xFD,0x39,0x7C,0x00,0x00,0x3E,0x7C,0x00,0x00,0x3E,0x1C,0x00,0x00,0x38,0x0C,0x00,0x00,0x30,0x00,0x00,0x00,0x00,0x00,0x00,0x00,0x00,0x00,0x00,0x00,0x00,0x00,0x00,0x00,0x00,0x00,0x00,0x00,0x00,0x00,0x00,0x00,0x00,0x00,0x00,0x00,0x00,0x00,0x00,0x00,0x00},/*"{",91*/
{0x00,0x00,0x00,0x00,0x00,0x00,0x00,0x00,0x00,0x00,0x00,0x00,0x00,0x00,0x00,0x00,0x00,0x00,0x00,0x00,0xFC,0x7F,0xFE,0x3F,0xFC,0x7F,0xFE,0x3F,0xFC,0xFF,0xFF,0x3F,0xFC,0x7F,0xFE,0x3F,0x00,0x00,0x00,0x00,0x00,0x00,0x00,0x00,0x00,0x00,0x00,0x00,0x00,0x00,0x00,0x00,0x00,0x00,0x00,0x00,0x00,0x00,0x00,0x00,0x00,0x00,0x00,0x00},/*"|",92*/
{0x00,0x00,0x00,0x00,0x00,0x00,0x00,0x00,0x00,0x00,0x00,0x00,0x00,0x00,0x00,0x00,0x00,0x00,0x00,0x00,0x00,0x00,0x00,0x00,0x00,0x00,0x00,0x00,0x00,0x00,0x00,0x00,0x0C,0x00,0x00,0x30,0x1C,0x00,0x00,0x38,0x7C,0x00,0x00,0x3E,0x9C,0xBF,0xFD,0x39,0xEC,0xEF,0xF3,0x37,0xF0,0xF3,0xCF,0x0F,0x00,0xE0,0x03,0x00,0x00,0x00,0x00,0x00},/*"}",93*/
{0x00,0x00,0x00,0x00,0xE0,0x7F,0x00,0x00,0x90,0x3F,0x00,0x00,0x70,0x0E,0x00,0x00,0xF0,0x01,0x00,0x00,0xF0,0x01,0x00,0x00,0xF0,0x01,0x00,0x00,0x70,0x3E,0x00,0x00,0x90,0x6F,0x00,0x00,0xE0,0x73,0x00,0x00,0x00,0x7C,0x00,0x00,0x00,0x7C,0x00,0x00,0x80,0x73,0x00,0x00,0xE0,0x6F,0x00,0x00,0xF0,0x3F,0x00,0x00,0x00,0x00,0x00,0x00},/*"~",94*/	
};
//NI7SEG
const char font_ASCII_NI7SEG_2412[][36]={
{0x00,0x00,0x00,0x00,0x00,0x00,0x00,0x00,0x00,0x00,0x00,0x00,0x00,0x00,0x00,0x00,0x00,0x00,0x00,0x00,0x00,0x00,0x00,0x00,0x00,0x00,0x00,0x00,0x00,0x00,0x00,0x00,0x00,0x00,0x00,0x00},/*" ",0*/
{0x00,0x00,0x00,0xF0,0x7F,0x7C,0xF8,0xFF,0xFE,0xF0,0x7F,0x7C,0x00,0x00,0x00,0x00,0x00,0x00,0x00,0x00,0x00,0x00,0x00,0x00,0x00,0x00,0x00,0x00,0x00,0x00,0x00,0x00,0x00,0x00,0x00,0x00},/*"!",1*/
{0x00,0x00,0x00,0xF0,0x00,0x00,0xF8,0x01,0x00,0xF0,0x00,0x00,0x00,0x00,0x00,0xF0,0x00,0x00,0xF8,0x01,0x00,0xF0,0x00,0x00,0x00,0x00,0x00,0x00,0x00,0x00,0x00,0x00,0x00,0x00,0x00,0x00},/*""",2*/
{0x00,0x00,0x00,0x00,0x0C,0x03,0x00,0x0C,0x03,0xE0,0xFF,0x3F,0x00,0x0C,0x03,0x00,0x0C,0x03,0x00,0x0C,0x03,0x00,0x0C,0x03,0x00,0x0C,0x03,0xE0,0xFF,0x3F,0x00,0x0C,0x03,0x00,0x0C,0x03},/*"#",3*/
{0x00,0x00,0x00,0xC0,0x0F,0x18,0xA0,0x1F,0x3C,0x70,0x0E,0x3C,0xF0,0x38,0x3C,0xF0,0x78,0x3C,0xF0,0x78,0x3C,0xF8,0xFF,0xFF,0xF0,0x78,0x3C,0xF0,0x78,0x3C,0xF0,0xB0,0x33,0xF0,0xC0,0x07},/*"$",4*/
{0x00,0x00,0x00,0x00,0x01,0x78,0x80,0x03,0x7C,0xC0,0x07,0x7F,0x00,0x83,0x1F,0x00,0xE0,0x0F,0x00,0xF0,0x03,0x00,0xF8,0x01,0x00,0xFE,0x00,0x00,0x3F,0x18,0xC0,0x1F,0x7C,0xC0,0x0F,0x38},/*"%",5*/
{0x00,0x00,0x00,0x00,0x07,0x3F,0x80,0xDF,0x7F,0xC0,0xFF,0xF3,0xF0,0xF9,0xE1,0xF0,0xF9,0xF9,0xC0,0xFF,0x7F,0x80,0xCF,0x3F,0x00,0x87,0x1F,0x00,0xC0,0x3B,0x00,0xC0,0x31,0x00,0x00,0x00},/*"&",6*/
{0x00,0x00,0x00,0xF0,0x00,0x00,0xF8,0x01,0x00,0xF0,0x00,0x00,0x00,0x00,0x00,0x00,0x00,0x00,0x00,0x00,0x00,0x00,0x00,0x00,0x00,0x00,0x00,0x00,0x00,0x00,0x00,0x00,0x00,0x00,0x00,0x00},/*"'",7*/
{0x00,0x00,0x00,0xC0,0xFF,0x1F,0xE0,0xFF,0x3F,0xD0,0xFF,0x4F,0x38,0x00,0xE0,0x78,0x00,0xF0,0x78,0x00,0xF0,0x78,0x00,0x60,0x00,0x00,0x00,0x00,0x00,0x00,0x00,0x00,0x00,0x00,0x00,0x00},/*"(",8*/
{0x78,0x00,0x00,0x78,0x00,0x60,0x78,0x00,0xF0,0x38,0x00,0xF0,0xD0,0xFF,0xF7,0xE0,0xFF,0x2F,0xC0,0xFF,0x1F,0x00,0x00,0x00,0x00,0x00,0x00,0x00,0x00,0x00,0x00,0x00,0x00,0x00,0x00,0x00},/*")",9*/
{0x00,0x00,0x00,0xC0,0x30,0x1C,0xC0,0x31,0x0E,0x80,0x33,0x07,0x00,0xBF,0x03,0x00,0xFC,0x01,0x00,0xFC,0x00,0x00,0xFE,0x01,0x00,0xB7,0x03,0x80,0x33,0x07,0xC0,0x31,0x0E,0x40,0x30,0x1C},/*"*",10*/
{0x00,0x00,0x00,0x00,0x60,0x00,0x00,0xF0,0x00,0x00,0xF0,0x00,0x00,0xF0,0x00,0x00,0xFF,0x07,0x80,0xFF,0x0F,0x00,0xFF,0x07,0x00,0xF0,0x00,0x00,0xF0,0x00,0x00,0xF0,0x00,0x00,0x60,0x00},/*"+",11*/
{0x00,0x00,0x00,0x00,0x00,0xC0,0x00,0x00,0xE0,0x00,0x00,0x70,0x00,0x00,0x00,0x00,0x00,0x00,0x00,0x00,0x00,0x00,0x00,0x00,0x00,0x00,0x00,0x00,0x00,0x00,0x00,0x00,0x00,0x00,0x00,0x00},/*",",12*/
{0x00,0x00,0x00,0x00,0x00,0x00,0x00,0xF0,0x00,0x00,0xF0,0x00,0x00,0xF0,0x00,0x00,0xF0,0x00,0x00,0xF0,0x00,0x00,0xF0,0x00,0x00,0xF0,0x00,0x00,0xF0,0x00,0x00,0x60,0x00,0x00,0x00,0x00},/*"-",13*/
{0x00,0x00,0x40,0x00,0x00,0xF0,0x00,0x00,0x40,0x00,0x00,0x00,0x00,0x00,0x00,0x00,0x00,0x00,0x00,0x00,0x00,0x00,0x00,0x00,0x00,0x00,0x00,0x00,0x00,0x00,0x00,0x00,0x00,0x00,0x00,0x00},/*".",14*/
{0x00,0x00,0x00,0x00,0x00,0x78,0x00,0x00,0x7C,0x00,0x00,0x7F,0x00,0x80,0x1F,0x00,0xE0,0x0F,0x00,0xF0,0x03,0x00,0xF8,0x01,0x00,0xFE,0x00,0x00,0x3F,0x00,0xC0,0x1F,0x00,0xC0,0x0F,0x00},/*"/",15*/
{0x00,0x00,0x00,0xE0,0xDF,0x3F,0xE0,0xFF,0x3F,0xD8,0xDF,0xCF,0x38,0x00,0xE0,0x78,0x00,0xF0,0x78,0x00,0xF0,0x78,0x00,0xF0,0x78,0x00,0xF0,0x38,0x00,0xF0,0xC8,0xDF,0xEF,0xE0,0xFF,0x1F},/*"0",16*/
{0x00,0x00,0x00,0x10,0x00,0x00,0x78,0x00,0x00,0x38,0x00,0x00,0xD8,0x8F,0x7F,0xE0,0xDF,0xFF,0xE0,0x8F,0x7F,0x00,0x00,0x00,0x00,0x00,0x00,0x00,0x00,0x00,0x00,0x00,0x00,0x00,0x00,0x00},/*"1",17*/
{0x00,0x00,0x00,0x30,0x80,0x3F,0x78,0xC0,0xDF,0x78,0xB0,0xE7,0x78,0x70,0xF0,0x78,0xF0,0xF0,0x78,0xF0,0xF0,0x78,0xF0,0xF0,0x78,0xF0,0xF0,0x78,0xF0,0xF0,0xB8,0xEF,0xF0,0xC8,0x1F,0xF0},/*"2",18*/
{0x00,0x00,0x00,0x30,0x60,0x60,0x78,0xF0,0xF0,0x78,0xF0,0xF0,0x78,0xF0,0xF0,0x78,0xF0,0xF0,0x78,0xF0,0xF0,0x78,0xF0,0xF0,0x78,0xF0,0xF0,0x78,0x60,0xF0,0xB8,0xDF,0xEF,0xD8,0xFF,0xDF},/*"3",19*/
{0x00,0x00,0x00,0xF0,0x0F,0x00,0xF8,0x1F,0x00,0xF0,0x1F,0x00,0x00,0x60,0x00,0x00,0xF0,0x00,0x00,0xF0,0x00,0x00,0xF0,0x00,0x00,0xF0,0x00,0x00,0x60,0x00,0xF0,0x9F,0x7F,0xF8,0xFF,0xFF},/*"4",20*/
{0x00,0x00,0x00,0xF0,0x07,0x60,0xE0,0x0F,0xF0,0xD8,0x3F,0xF0,0x38,0x78,0xF0,0x78,0x78,0xF0,0x78,0x78,0xF0,0x78,0x78,0xF0,0x78,0x78,0xF0,0x78,0x30,0xF0,0x78,0xC0,0xCF,0x78,0xC0,0x3F},/*"5",21*/
{0x00,0x00,0x00,0xE0,0xDF,0x3F,0xE0,0xFF,0x3F,0xD8,0x9F,0xCF,0x38,0x60,0xE0,0x78,0xF0,0xF0,0x78,0xF0,0xF0,0x78,0xF0,0xF0,0x78,0xF0,0xF0,0x78,0x70,0xF0,0x78,0x80,0xEF,0x78,0xC0,0x1F},/*"6",22*/
{0x00,0x00,0x00,0x30,0x00,0x00,0x78,0x00,0x00,0x78,0x00,0x00,0x78,0x00,0x00,0x78,0x00,0x00,0x78,0x00,0x00,0x78,0x00,0x00,0x78,0x00,0x00,0x38,0x00,0x00,0x98,0x9F,0x7F,0xE0,0xFF,0xFF},/*"7",23*/
{0x00,0x00,0x00,0xE0,0xDF,0x3F,0xE0,0xFF,0x3F,0xD8,0x9F,0xCF,0x38,0x60,0xE0,0x78,0xF0,0xF0,0x78,0xF0,0xF0,0x78,0xF0,0xF0,0x78,0xF0,0xF0,0x38,0x60,0xF0,0xC8,0xDF,0x6F,0xE0,0xFF,0x1F},/*"8",24*/
{0x00,0x00,0x00,0xE0,0x1F,0x60,0xE0,0x1F,0xF0,0xD8,0x0F,0xF0,0x38,0xF0,0xF0,0x78,0xF0,0xF0,0x78,0xF0,0xF0,0x78,0xF0,0xF0,0x78,0xF0,0xF0,0x38,0x60,0xF0,0xC8,0xDF,0x6F,0xE0,0xFF,0x1F},/*"9",25*/
{0x00,0x00,0x00,0x00,0x03,0x06,0x00,0x07,0x07,0x00,0x00,0x00,0x00,0x00,0x00,0x00,0x00,0x00,0x00,0x00,0x00,0x00,0x00,0x00,0x00,0x00,0x00,0x00,0x00,0x00,0x00,0x00,0x00,0x00,0x00,0x00},/*":",26*/
{0x00,0x00,0x00,0x00,0x03,0x0E,0x00,0x07,0x07,0x00,0x00,0x03,0x00,0x00,0x00,0x00,0x00,0x00,0x00,0x00,0x00,0x00,0x00,0x00,0x00,0x00,0x00,0x00,0x00,0x00,0x00,0x00,0x00,0x00,0x00,0x00},/*";",27*/
{0x00,0x00,0x00,0x00,0xFC,0x00,0x00,0xFF,0x03,0x80,0xCF,0x07,0xC0,0x03,0x0F,0xC0,0x01,0x0E,0x00,0x00,0x00,0x00,0x00,0x00,0x00,0x00,0x00,0x00,0x00,0x00,0x00,0x00,0x00,0x00,0x00,0x00},/*"<",28*/
{0x00,0x00,0x00,0x00,0x00,0x00,0x00,0xFC,0x01,0x00,0xFC,0x01,0x00,0xFC,0x01,0x00,0xFC,0x01,0x00,0xFC,0x01,0x00,0xFC,0x01,0x00,0xFC,0x01,0x00,0xFC,0x01,0x00,0x00,0x00,0x00,0x00,0x00},/*"=",29*/
{0x00,0x00,0x00,0xC0,0x01,0x0E,0xC0,0x03,0x0F,0x80,0xCF,0x07,0x00,0xFF,0x03,0x00,0xFC,0x00,0x00,0x00,0x00,0x00,0x00,0x00,0x00,0x00,0x00,0x00,0x00,0x00,0x00,0x00,0x00,0x00,0x00,0x00},/*">",30*/
{0x00,0x00,0x00,0xE0,0x07,0x00,0xE0,0x1F,0x00,0xF8,0x07,0x00,0x78,0x00,0x00,0x78,0xE0,0x77,0x78,0xF0,0x6F,0x78,0xF0,0x03,0x78,0xF0,0x00,0x38,0xF0,0x00,0xC8,0x6F,0x00,0xE0,0x1F,0x00},/*"?",31*/
{0x00,0x00,0x00,0xE0,0x9F,0x3F,0xE8,0xFF,0xDF,0x98,0xDF,0xE7,0x38,0x00,0xF2,0x78,0xFC,0xF5,0x78,0x0C,0xF6,0x78,0x0C,0xF6,0x38,0x0C,0xF6,0x98,0xFF,0xF4,0xE8,0xFF,0xE1,0xE0,0xFF,0xC1},/*"@",32*/
{0x00,0x00,0x00,0xF0,0x9F,0x7F,0xE0,0xFF,0xFF,0xD8,0x9F,0x7F,0x38,0x60,0x00,0x78,0xF0,0x00,0x78,0xF0,0x00,0x78,0xF0,0x00,0x78,0xF0,0x00,0x78,0x60,0x00,0xB8,0xBF,0x7F,0xD8,0xFF,0xFF},/*"A",33*/
{0x00,0x00,0x00,0xF0,0xCF,0x3F,0xE0,0xFF,0xDF,0xD8,0x9F,0xE7,0x38,0x60,0xF0,0x78,0xF0,0xF0,0x78,0xF0,0xF0,0x78,0xF0,0xF0,0x78,0xF0,0xF0,0x38,0x60,0xF0,0xC8,0xDF,0x6F,0xE0,0xFF,0x1F},/*"B",34*/
{0x00,0x00,0x00,0xE0,0xDF,0x3F,0xE0,0xFF,0xBF,0xD8,0xDF,0xCF,0x38,0x00,0xE0,0x78,0x00,0xF0,0x78,0x00,0xF0,0x78,0x00,0xF0,0x78,0x00,0xF0,0x78,0x00,0xF0,0x78,0x00,0xF0,0x78,0x00,0xF0},/*"C",35*/
{0x00,0x00,0x00,0xF0,0xCF,0x3F,0xE0,0xFF,0xDF,0xD8,0xCF,0xE7,0x38,0x00,0xF0,0x78,0x00,0xF0,0x78,0x00,0xF0,0x78,0x00,0xF0,0x78,0x00,0xF0,0x38,0x00,0xF0,0xC8,0xFF,0x6F,0xE0,0xFF,0x1F},/*"D",36*/
{0x00,0x00,0x00,0xE0,0xDF,0x3F,0xE0,0xFF,0xBF,0xD8,0x9F,0xCF,0x38,0x60,0xE0,0x78,0xF0,0xF0,0x78,0xF0,0xF0,0x78,0xF0,0xF0,0x78,0xF0,0xF0,0x78,0xF0,0xF0,0x78,0x60,0xF0,0x78,0x00,0xF0},/*"E",37*/
{0x00,0x00,0x00,0xF0,0x9F,0x7F,0xE0,0xFF,0xFF,0xD8,0x9F,0x7F,0x38,0x60,0x00,0x78,0xF0,0x00,0x78,0xF0,0x00,0x78,0xF0,0x00,0x78,0xF0,0x00,0x78,0xF0,0x00,0x78,0xF0,0x00,0x78,0x00,0x00},/*"F",38*/
{0x00,0x00,0x00,0xE0,0xDF,0x3F,0xE0,0xFF,0xBF,0xD8,0xDF,0xCF,0x38,0x00,0xE0,0x78,0x00,0xF0,0x78,0x00,0xF0,0x78,0x60,0xF0,0x78,0xF0,0xF0,0x78,0xF0,0xE0,0x78,0x30,0x4F,0x78,0x90,0x3F},/*"G",39*/
{0x00,0x00,0x00,0xF0,0x9F,0x7F,0xF8,0xFF,0xFF,0xF0,0x9F,0x7F,0x00,0x60,0x00,0x00,0xF0,0x00,0x00,0xF0,0x00,0x00,0xF0,0x00,0x00,0xF0,0x00,0x00,0x60,0x00,0xF0,0x9F,0x7F,0xF8,0xFF,0xFF},/*"H",40*/
{0x00,0x00,0x00,0xF0,0x9F,0x7F,0xF8,0xFF,0xFF,0xF0,0x9F,0x7F,0x00,0x00,0x00,0x00,0x00,0x00,0x00,0x00,0x00,0x00,0x00,0x00,0x00,0x00,0x00,0x00,0x00,0x00,0x00,0x00,0x00,0x00,0x00,0x00},/*"I",41*/
{0x00,0x00,0x00,0x00,0x80,0x1F,0x00,0xE0,0x3F,0x00,0x80,0x4F,0x00,0x00,0xE0,0x00,0x00,0xF0,0x00,0x00,0xF0,0x00,0x00,0xF0,0x00,0x00,0xF0,0x00,0x00,0xF0,0xF0,0xFF,0xEF,0xF8,0xFF,0x1F},/*"J",42*/
{0x00,0x00,0x00,0xF0,0x9F,0x7F,0xF8,0xFF,0xFF,0xF0,0x9F,0x7F,0x00,0x60,0x00,0x00,0xFC,0x00,0x00,0xFF,0x00,0x80,0xFF,0x00,0xE0,0xF3,0x00,0xF0,0xF1,0x00,0xF8,0x70,0x7E,0x38,0x30,0xFF},/*"K",43*/
{0x00,0x00,0x00,0xF0,0xDF,0x3F,0xF8,0xFF,0xDF,0xF0,0xCF,0xE7,0x00,0x00,0xF0,0x00,0x00,0xF0,0x00,0x00,0xF0,0x00,0x00,0xF0,0x00,0x00,0xF0,0x00,0x00,0xF0,0x00,0x00,0xF0,0x00,0x00,0x60},/*"L",44*/
{0x00,0x00,0x00,0xF0,0x9F,0x7F,0xE8,0xFF,0xFF,0xD8,0x9F,0x7F,0x38,0x00,0x00,0x78,0x00,0x00,0x78,0x7F,0x00,0x78,0x7F,0x00,0x78,0x00,0x00,0x78,0x00,0x00,0xB8,0xBF,0x7F,0xD8,0xFF,0xFF},/*"M",45*/
{0x00,0x00,0x00,0xF0,0x9F,0x7F,0xF8,0xFF,0xFF,0xF0,0x9F,0x7F,0x00,0x00,0x00,0xE0,0x03,0x00,0xC0,0x07,0x00,0x00,0x1F,0x00,0x00,0x00,0x00,0xF0,0x9F,0x7F,0xF8,0xFF,0xFF,0xF0,0x9F,0x7F},/*"N",46*/
{0x00,0x00,0x00,0xE0,0xDF,0x3F,0xE0,0xFF,0xDF,0xD8,0xCF,0xE7,0x38,0x00,0xF0,0x78,0x00,0xF0,0x78,0x00,0xF0,0x78,0x00,0xF0,0x78,0x00,0xF0,0x38,0x00,0xF0,0xC8,0xDF,0xEF,0xE0,0xFF,0x1F},/*"O",47*/
{0x00,0x00,0x00,0xF0,0x9F,0x7F,0xE0,0xFF,0xFF,0xD8,0x9F,0x7F,0x38,0x60,0x00,0x78,0xF0,0x00,0x78,0xF0,0x00,0x78,0xF0,0x00,0x78,0xF0,0x00,0x78,0x60,0x00,0x98,0x0F,0x00,0xC8,0x1F,0x00},/*"P",48*/
{0xE0,0xDF,0x3F,0xE0,0xFF,0x1F,0xD8,0xCF,0xE7,0x38,0x00,0xF0,0x78,0x00,0xF0,0x78,0x00,0xF0,0x78,0x00,0xF0,0x78,0x00,0xE0,0x38,0x00,0xD8,0xC8,0xDF,0x39,0xE0,0xFF,0x73,0xE0,0xDF,0xEF},/*"Q",49*/
{0x00,0x00,0x00,0xF0,0x9F,0x7F,0xE0,0xFF,0xFF,0xD8,0x9F,0x7F,0x38,0x60,0x00,0x78,0xF0,0x02,0x78,0xF0,0x06,0x78,0xF0,0x0E,0x78,0xF0,0x1E,0x78,0x60,0x7C,0x98,0x0F,0xF0,0xC8,0x1F,0xE0},/*"R",50*/
{0x00,0x00,0x00,0xE0,0x0F,0x60,0xE0,0x0F,0xF0,0xD8,0x67,0xF0,0x38,0xF0,0xF0,0x78,0xF0,0xF0,0x78,0xF0,0xF0,0x78,0xF0,0xF0,0x78,0xF0,0xF0,0x78,0x70,0xF0,0x78,0x80,0xCF,0x78,0xC0,0x3F},/*"S",51*/
{0x00,0x00,0x00,0x30,0x00,0x00,0x78,0x00,0x00,0x78,0x00,0x00,0x78,0x00,0x00,0x78,0x00,0x00,0x78,0xBF,0x7F,0x78,0xFF,0xFF,0x78,0xBF,0x7F,0x78,0x00,0x00,0x78,0x00,0x00,0x78,0x00,0x00},/*"T",52*/
{0x00,0x00,0x00,0xF0,0xDF,0x3F,0xF8,0xFF,0xCF,0xF0,0xCF,0xE7,0x00,0x00,0xF0,0x00,0x00,0xF0,0x00,0x00,0xF0,0x00,0x00,0xF0,0x00,0x00,0xF0,0x00,0x00,0xF0,0xF0,0xDF,0xEF,0xF8,0xFF,0xCF},/*"U",53*/
{0x00,0x00,0x00,0xF0,0x1F,0x00,0xF8,0xBF,0x07,0xF0,0x1F,0x0F,0x00,0x00,0x3E,0x00,0x00,0x78,0x00,0x00,0x00,0x00,0x00,0x78,0x00,0x00,0x3C,0x00,0x00,0x1E,0xF0,0x9F,0x0F,0xF8,0xBF,0x07},/*"V",54*/
{0x00,0x00,0x00,0xF0,0xDF,0x1F,0xF8,0xFF,0xCF,0xF0,0xCF,0xE7,0x00,0x00,0xF0,0x00,0x00,0xF0,0x00,0xC0,0xF7,0x00,0xE0,0xF7,0x00,0xC0,0xF7,0x00,0x00,0xF0,0xF0,0xEF,0xE7,0xF8,0xFF,0xC7},/*"W",55*/
{0x00,0x00,0x00,0x38,0x00,0xE0,0xF8,0x00,0xF8,0xF8,0x01,0xFC,0xF0,0x03,0x7E,0xC0,0x8F,0x1F,0x80,0xFF,0x0F,0x00,0x00,0x00,0x80,0xCF,0x0F,0xE0,0x07,0x3F,0xF8,0x01,0xFC,0x78,0x00,0xF0},/*"X",56*/
{0x00,0x00,0x00,0xF0,0x1F,0x60,0xF8,0x1F,0xF0,0xF0,0x0F,0xF0,0x00,0xF0,0xF0,0x00,0xF0,0xF0,0x00,0xF0,0xF0,0x00,0xF0,0xF0,0x00,0xF0,0xF0,0x00,0x60,0xF0,0xF0,0x9F,0xEF,0xF8,0xFF,0xDF},/*"Y",57*/
{0x00,0x00,0x00,0x00,0x00,0x60,0x78,0x00,0xF0,0x78,0x00,0xF4,0x78,0x00,0xF7,0x78,0x80,0xF7,0x78,0xC0,0xF7,0x78,0xF0,0xF3,0x78,0xF8,0xF1,0x78,0x7C,0xF0,0x78,0x3F,0xF0,0x98,0x1F,0xF0},/*"Z",58*/
{0x00,0x00,0x00,0xF8,0xFF,0xFF,0xF8,0xFF,0xFF,0xF8,0xFF,0xFF,0x78,0x00,0xF0,0x78,0x00,0xF0,0x30,0x00,0x60,0x00,0x00,0x00,0x00,0x00,0x00,0x00,0x00,0x00,0x00,0x00,0x00,0x00,0x00,0x00},/*"[",59*/
{0x00,0x00,0x00,0xC0,0x03,0x00,0xC0,0x07,0x00,0xC0,0x1F,0x00,0x00,0x3F,0x00,0x00,0xFE,0x00,0x00,0xF8,0x01,0x00,0xF0,0x03,0x00,0xE0,0x0F,0x00,0x80,0x1F,0x00,0x00,0x7F,0x00,0x00,0x7E},/*"\",60*/
{0x00,0x00,0x00,0x00,0x00,0x00,0x30,0x00,0x60,0x78,0x00,0xF0,0x78,0x00,0xF0,0xF8,0xFF,0xFF,0xF8,0xFF,0xFF,0xF8,0xFF,0xFF,0x00,0x00,0x00,0x00,0x00,0x00,0x00,0x00,0x00,0x00,0x00,0x00},/*"]",61*/
{0x00,0x00,0x00,0xC0,0x00,0x00,0xE0,0x00,0x00,0x78,0x00,0x00,0x18,0x00,0x00,0x00,0x00,0x00,0x18,0x00,0x00,0x78,0x00,0x00,0xE0,0x00,0x00,0xC0,0x00,0x00,0x00,0x00,0x00,0x00,0x00,0x00},/*"^",62*/
{0x00,0x00,0x00,0x00,0x00,0x00,0x00,0x00,0xF0,0x00,0x00,0xF0,0x00,0x00,0xF0,0x00,0x00,0xF0,0x00,0x00,0xF0,0x00,0x00,0xF0,0x00,0x00,0xF0,0x00,0x00,0xF0,0x00,0x00,0x60,0x00,0x00,0x00},/*"_",63*/
{0x00,0x00,0x00,0xF0,0x00,0x00,0xF8,0x01,0x00,0xF0,0x00,0x00,0x00,0x00,0x00,0x00,0x00,0x00,0x00,0x00,0x00,0x00,0x00,0x00,0x00,0x00,0x00,0x00,0x00,0x00,0x00,0x00,0x00,0x00,0x00,0x00},/*"`",64*/
{0x00,0x00,0x00,0xF0,0x9F,0x7F,0xE0,0xFF,0xFF,0xD8,0x9F,0x7F,0x38,0x60,0x00,0x78,0xF0,0x00,0x78,0xF0,0x00,0x78,0xF0,0x00,0x78,0xF0,0x00,0x78,0x60,0x00,0xB8,0xBF,0x7F,0xD8,0xFF,0xFF},/*"a",65*/
{0x00,0x00,0x00,0xF0,0xCF,0x3F,0xE0,0xFF,0xDF,0xD8,0x9F,0xE7,0x38,0x60,0xF0,0x78,0xF0,0xF0,0x78,0xF0,0xF0,0x78,0xF0,0xF0,0x78,0xF0,0xF0,0x38,0x60,0xF0,0xC8,0xDF,0x6F,0xE0,0xFF,0x1F},/*"b",66*/
{0x00,0x00,0x00,0xE0,0xDF,0x3F,0xE0,0xFF,0xBF,0xD8,0xDF,0xCF,0x38,0x00,0xE0,0x78,0x00,0xF0,0x78,0x00,0xF0,0x78,0x00,0xF0,0x78,0x00,0xF0,0x78,0x00,0xF0,0x78,0x00,0xF0,0x78,0x00,0xF0},/*"c",67*/
{0x00,0x00,0x00,0xF0,0xCF,0x3F,0xE0,0xFF,0xDF,0xD8,0xCF,0xE7,0x38,0x00,0xF0,0x78,0x00,0xF0,0x78,0x00,0xF0,0x78,0x00,0xF0,0x78,0x00,0xF0,0x38,0x00,0xF0,0xC8,0xFF,0x6F,0xE0,0xFF,0x1F},/*"d",68*/
{0x00,0x00,0x00,0xE0,0xDF,0x3F,0xE0,0xFF,0xBF,0xD8,0x9F,0xCF,0x38,0x60,0xE0,0x78,0xF0,0xF0,0x78,0xF0,0xF0,0x78,0xF0,0xF0,0x78,0xF0,0xF0,0x78,0xF0,0xF0,0x78,0x60,0xF0,0x78,0x00,0xF0},/*"e",69*/
{0x00,0x00,0x00,0xF0,0x9F,0x7F,0xE0,0xFF,0xFF,0xD8,0x9F,0x7F,0x38,0x60,0x00,0x78,0xF0,0x00,0x78,0xF0,0x00,0x78,0xF0,0x00,0x78,0xF0,0x00,0x78,0xF0,0x00,0x78,0xF0,0x00,0x78,0x00,0x00},/*"f",70*/
{0x00,0x00,0x00,0xE0,0xDF,0x3F,0xE0,0xFF,0xBF,0xD8,0xDF,0xCF,0x38,0x00,0xE0,0x78,0x00,0xF0,0x78,0x00,0xF0,0x78,0x60,0xF0,0x78,0xF0,0xF0,0x78,0xF0,0xE0,0x78,0x30,0x4F,0x78,0x90,0x3F},/*"g",71*/
{0x00,0x00,0x00,0xF0,0x9F,0x7F,0xF8,0xFF,0xFF,0xF0,0x9F,0x7F,0x00,0x60,0x00,0x00,0xF0,0x00,0x00,0xF0,0x00,0x00,0xF0,0x00,0x00,0xF0,0x00,0x00,0x60,0x00,0xF0,0x9F,0x7F,0xF8,0xFF,0xFF},/*"h",72*/
{0x00,0x00,0x00,0xF0,0x9F,0x7F,0xF8,0xFF,0xFF,0xF0,0x9F,0x7F,0x00,0x00,0x00,0x00,0x00,0x00,0x00,0x00,0x00,0x00,0x00,0x00,0x00,0x00,0x00,0x00,0x00,0x00,0x00,0x00,0x00,0x00,0x00,0x00},/*"i",73*/
{0x00,0x00,0x00,0x00,0x80,0x1F,0x00,0xE0,0x3F,0x00,0x80,0x4F,0x00,0x00,0xE0,0x00,0x00,0xF0,0x00,0x00,0xF0,0x00,0x00,0xF0,0x00,0x00,0xF0,0x00,0x00,0xF0,0xF0,0xFF,0xEF,0xF8,0xFF,0x1F},/*"j",74*/
{0x00,0x00,0x00,0xF0,0x9F,0x7F,0xF8,0xFF,0xFF,0xF0,0x9F,0x7F,0x00,0x60,0x00,0x00,0xFC,0x00,0x00,0xFF,0x00,0x80,0xFF,0x00,0xE0,0xF3,0x00,0xF0,0xF1,0x00,0xF8,0x70,0x7E,0x38,0x30,0xFF},/*"k",75*/
{0x00,0x00,0x00,0xF0,0xDF,0x3F,0xF8,0xFF,0xDF,0xF0,0xCF,0xE7,0x00,0x00,0xF0,0x00,0x00,0xF0,0x00,0x00,0xF0,0x00,0x00,0xF0,0x00,0x00,0xF0,0x00,0x00,0xF0,0x00,0x00,0xF0,0x00,0x00,0x60},/*"l",76*/
{0x00,0x00,0x00,0xF0,0x9F,0x7F,0xE8,0xFF,0xFF,0xD8,0x9F,0x7F,0x38,0x00,0x00,0x78,0x00,0x00,0x78,0x7F,0x00,0x78,0x7F,0x00,0x78,0x00,0x00,0x78,0x00,0x00,0xB8,0xBF,0x7F,0xD8,0xFF,0xFF},/*"m",77*/
{0x00,0x00,0x00,0xF0,0x9F,0x7F,0xF8,0xFF,0xFF,0xF0,0x9F,0x7F,0x00,0x00,0x00,0xE0,0x03,0x00,0xC0,0x07,0x00,0x00,0x1F,0x00,0x00,0x00,0x00,0xF0,0x9F,0x7F,0xF8,0xFF,0xFF,0xF0,0x9F,0x7F},/*"n",78*/
{0x00,0x00,0x00,0xE0,0xDF,0x3F,0xE0,0xFF,0xDF,0xD8,0xCF,0xE7,0x38,0x00,0xF0,0x78,0x00,0xF0,0x78,0x00,0xF0,0x78,0x00,0xF0,0x78,0x00,0xF0,0x38,0x00,0xF0,0xC8,0xDF,0xEF,0xE0,0xFF,0x1F},/*"o",79*/
{0x00,0x00,0x00,0xF0,0x9F,0x7F,0xE0,0xFF,0xFF,0xD8,0x9F,0x7F,0x38,0x60,0x00,0x78,0xF0,0x00,0x78,0xF0,0x00,0x78,0xF0,0x00,0x78,0xF0,0x00,0x78,0x60,0x00,0x98,0x0F,0x00,0xC8,0x1F,0x00},/*"p",80*/
{0xE0,0xDF,0x3F,0xE0,0xFF,0x1F,0xD8,0xCF,0xE7,0x38,0x00,0xF0,0x78,0x00,0xF0,0x78,0x00,0xF0,0x78,0x00,0xF0,0x78,0x00,0xE0,0x38,0x00,0xD8,0xC8,0xDF,0x39,0xE0,0xFF,0x73,0xE0,0xDF,0xEF},/*"q",81*/
{0x00,0x00,0x00,0xF0,0x9F,0x7F,0xE0,0xFF,0xFF,0xD8,0x9F,0x7F,0x38,0x60,0x00,0x78,0xF0,0x02,0x78,0xF0,0x06,0x78,0xF0,0x0E,0x78,0xF0,0x1E,0x78,0x60,0x7C,0x98,0x0F,0xF0,0xC8,0x1F,0xE0},/*"r",82*/
{0x00,0x00,0x00,0xE0,0x0F,0x60,0xE0,0x0F,0xF0,0xD8,0x67,0xF0,0x38,0xF0,0xF0,0x78,0xF0,0xF0,0x78,0xF0,0xF0,0x78,0xF0,0xF0,0x78,0xF0,0xF0,0x78,0x70,0xF0,0x78,0x80,0xCF,0x78,0xC0,0x3F},/*"s",83*/
{0x00,0x00,0x00,0x30,0x00,0x00,0x78,0x00,0x00,0x78,0x00,0x00,0x78,0x00,0x00,0x78,0x00,0x00,0x78,0xBF,0x7F,0x78,0xFF,0xFF,0x78,0xBF,0x7F,0x78,0x00,0x00,0x78,0x00,0x00,0x78,0x00,0x00},/*"t",84*/
{0x00,0x00,0x00,0xF0,0xDF,0x3F,0xF8,0xFF,0xCF,0xF0,0xCF,0xE7,0x00,0x00,0xF0,0x00,0x00,0xF0,0x00,0x00,0xF0,0x00,0x00,0xF0,0x00,0x00,0xF0,0x00,0x00,0xF0,0xF0,0xDF,0xEF,0xF8,0xFF,0xCF},/*"u",85*/
{0x00,0x00,0x00,0xF0,0x1F,0x00,0xF8,0xBF,0x07,0xF0,0x1F,0x0F,0x00,0x00,0x3E,0x00,0x00,0x78,0x00,0x00,0x00,0x00,0x00,0x78,0x00,0x00,0x3C,0x00,0x00,0x1E,0xF0,0x9F,0x0F,0xF8,0xBF,0x07},/*"v",86*/
{0x00,0x00,0x00,0xF0,0xDF,0x1F,0xF8,0xFF,0xCF,0xF0,0xCF,0xE7,0x00,0x00,0xF0,0x00,0x00,0xF0,0x00,0xC0,0xF7,0x00,0xE0,0xF7,0x00,0xC0,0xF7,0x00,0x00,0xF0,0xF0,0xEF,0xE7,0xF8,0xFF,0xC7},/*"w",87*/
{0x00,0x00,0x00,0x38,0x00,0xE0,0xF8,0x00,0xF8,0xF8,0x01,0xFC,0xF0,0x03,0x7E,0xC0,0x07,0x1F,0x80,0xEF,0x0F,0x00,0x00,0x00,0x80,0x8F,0x0F,0xE0,0x03,0x3E,0xF8,0x01,0xFC,0x78,0x00,0xF0},/*"x",88*/
{0x00,0x00,0x00,0xF0,0x1F,0x60,0xF8,0x1F,0xF0,0xF0,0x0F,0xF0,0x00,0xF0,0xF0,0x00,0xF0,0xF0,0x00,0xF0,0xF0,0x00,0xF0,0xF0,0x00,0xF0,0xF0,0x00,0x60,0xF0,0xF0,0x9F,0xEF,0xF8,0xFF,0xDF},/*"y",89*/
{0x00,0x00,0x00,0x00,0x00,0x60,0x78,0x00,0xF0,0x78,0x00,0xF4,0x78,0x00,0xF7,0x78,0x80,0xF7,0x78,0xC0,0xF7,0x78,0xF0,0xF3,0x78,0xF8,0xF1,0x78,0x7C,0xF0,0x78,0x3F,0xF0,0x98,0x1F,0xF0},/*"z",90*/
{0x00,0x00,0x00,0x00,0x30,0x00,0x00,0x78,0x00,0xC0,0xFF,0x1F,0xE0,0x8F,0x3F,0xD0,0x07,0x4F,0x38,0x00,0xE0,0x78,0x00,0xF0,0x78,0x00,0xF0,0x78,0x00,0x60,0x00,0x00,0x00,0x00,0x00,0x00},/*"{",91*/
{0x00,0x00,0x00,0xF0,0x0F,0x7F,0xF8,0x9F,0xFF,0xF0,0x0F,0x7F,0x00,0x00,0x00,0x00,0x00,0x00,0x00,0x00,0x00,0x00,0x00,0x00,0x00,0x00,0x00,0x00,0x00,0x00,0x00,0x00,0x00,0x00,0x00,0x00},/*"|",92*/
{0x78,0x00,0x00,0x78,0x00,0x60,0x78,0x00,0xF0,0x38,0x00,0xF0,0xD0,0x87,0xF7,0xE0,0xCF,0x2F,0xC0,0xFF,0x1F,0x00,0x70,0x00,0x00,0x20,0x00,0x00,0x00,0x00,0x00,0x00,0x00,0x00,0x00,0x00},/*"}",93*/
{0x00,0x00,0x00,0xC0,0x00,0x00,0xE0,0x00,0x00,0x38,0x00,0x00,0x18,0x00,0x00,0x38,0x00,0x00,0x30,0x00,0x00,0xE0,0x00,0x00,0x38,0x00,0x00,0x18,0x00,0x00,0x00,0x00,0x00,0x00,0x00,0x00},/*"~",94*/
};
const char font_ASCII_NI7SEG_3216[][64]={
{0x00,0x00,0x00,0x00,0x00,0x00,0x00,0x00,0x00,0x00,0x00,0x00,0x00,0x00,0x00,0x00,0x00,0x00,0x00,0x00,0x00,0x00,0x00,0x00,0x00,0x00,0x00,0x00,0x00,0x00,0x00,0x00,0x00,0x00,0x00,0x00,0x00,0x00,0x00,0x00,0x00,0x00,0x00,0x00,0x00,0x00,0x00,0x00,0x00,0x00,0x00,0x00,0x00,0x00,0x00,0x00,0x00,0x00,0x00,0x00,0x00,0x00,0x00,0x00},/*" ",0*/
{0x00,0x00,0x00,0x00,0xF0,0xFF,0x07,0x3E,0xFC,0xFF,0x0F,0xFF,0xFC,0xFF,0x0F,0xFF,0xF0,0xFF,0x07,0x3E,0x00,0x00,0x00,0x00,0x00,0x00,0x00,0x00,0x00,0x00,0x00,0x00,0x00,0x00,0x00,0x00,0x00,0x00,0x00,0x00,0x00,0x00,0x00,0x00,0x00,0x00,0x00,0x00,0x00,0x00,0x00,0x00,0x00,0x00,0x00,0x00,0x00,0x00,0x00,0x00,0x00,0x00,0x00,0x00},/*"!",1*/
{0x00,0x00,0x00,0x00,0x00,0x00,0x00,0x00,0xF0,0x03,0x00,0x00,0xF8,0x07,0x00,0x00,0xFC,0x0F,0x00,0x00,0xF0,0x03,0x00,0x00,0x00,0x00,0x00,0x00,0xF0,0x03,0x00,0x00,0xF8,0x0F,0x00,0x00,0xFC,0x0F,0x00,0x00,0xF0,0x03,0x00,0x00,0x00,0x00,0x00,0x00,0x00,0x00,0x00,0x00,0x00,0x00,0x00,0x00,0x00,0x00,0x00,0x00,0x00,0x00,0x00,0x00},/*""",2*/
{0x00,0x00,0x00,0x00,0x00,0x10,0x40,0x00,0x00,0x38,0xE0,0x00,0x00,0x38,0xE0,0x00,0xC0,0xFF,0xFF,0x0F,0xC0,0xFF,0xFF,0x0F,0x00,0x38,0xE0,0x00,0x00,0x38,0xE0,0x00,0x00,0x38,0xE0,0x00,0x00,0x38,0xE0,0x00,0x00,0x38,0xE0,0x00,0x00,0x38,0xE0,0x00,0xC0,0xFF,0xFF,0x0F,0xC0,0xFF,0xFF,0x0F,0x00,0x38,0xE0,0x00,0x00,0x38,0xE0,0x00},/*"#",3*/
{0x00,0x00,0x00,0x00,0x00,0x1F,0x00,0x08,0x00,0x3F,0x00,0x1C,0x70,0xFE,0x01,0x3E,0xF0,0xFC,0x03,0x3E,0xF0,0xC1,0x07,0x3E,0xF0,0xC1,0x07,0x3E,0xF0,0xC1,0x07,0x3E,0xF8,0xFF,0xFF,0xFF,0xF8,0xFF,0xFF,0xFF,0xF0,0xC1,0x07,0x3E,0xF0,0xC1,0x07,0x3E,0xF0,0xC1,0x07,0x3E,0xF0,0x01,0xFB,0x39,0xF0,0x01,0xFC,0x13,0xE0,0x00,0xFC,0x07},/*"$",4*/
{0x00,0x00,0x00,0x00,0x00,0x0E,0x80,0x1F,0x00,0x1F,0xC0,0x1F,0x80,0x3F,0xF0,0x1F,0x00,0x1E,0xF8,0x07,0x00,0x04,0xFC,0x03,0x00,0x00,0xFF,0x01,0x00,0x80,0x7F,0x00,0x00,0xC0,0x3F,0x00,0x00,0xF0,0x1F,0x00,0x00,0xF8,0x07,0x00,0x00,0xFC,0x03,0x03,0x00,0xFF,0x81,0x0F,0x80,0x7F,0xC0,0x1F,0x80,0x3F,0x80,0x0F,0x80,0x1F,0x00,0x03},/*"%",5*/
{0x00,0x00,0x00,0x00,0x00,0x3C,0xE0,0x0F,0x00,0xFE,0xF0,0x1F,0x80,0xFF,0xF9,0x7F,0xC0,0xFF,0x3F,0x7E,0xF0,0xC3,0x1F,0x78,0xE0,0xC7,0x3F,0x7C,0xC0,0xFF,0x7F,0x7E,0x00,0xFF,0xF1,0x3F,0x00,0xFE,0xE0,0x1F,0x00,0x38,0xE0,0x0F,0x00,0x00,0xF0,0x0F,0x00,0x00,0xF8,0x3E,0x00,0x00,0x38,0x3C,0x00,0x00,0x00,0x00,0x00,0x00,0x00,0x00},/*"&",6*/
{0x00,0x00,0x00,0x00,0xF0,0x03,0x00,0x00,0xFC,0x0F,0x00,0x00,0xFC,0x0F,0x00,0x00,0xF0,0x03,0x00,0x00,0x00,0x00,0x00,0x00,0x00,0x00,0x00,0x00,0x00,0x00,0x00,0x00,0x00,0x00,0x00,0x00,0x00,0x00,0x00,0x00,0x00,0x00,0x00,0x00,0x00,0x00,0x00,0x00,0x00,0x00,0x00,0x00,0x00,0x00,0x00,0x00,0x00,0x00,0x00,0x00,0x00,0x00,0x00,0x00},/*"'",7*/
{0x00,0x00,0x00,0x00,0x00,0xFF,0xFF,0x07,0x80,0xFF,0xFF,0x0F,0x80,0xFF,0xFF,0x0F,0x30,0xFF,0xFF,0x67,0xF8,0x00,0x00,0xF8,0xF8,0x00,0x00,0xF8,0xF8,0x00,0x00,0xF8,0xF0,0x00,0x00,0x70,0x20,0x00,0x00,0x20,0x00,0x00,0x00,0x00,0x00,0x00,0x00,0x00,0x00,0x00,0x00,0x00,0x00,0x00,0x00,0x00,0x00,0x00,0x00,0x00,0x00,0x00,0x00,0x00},/*"(",8*/
{0x00,0x00,0x00,0x00,0x20,0x00,0x00,0x20,0x70,0x00,0x00,0x70,0xF8,0x00,0x00,0xF8,0xF8,0x00,0x00,0xF8,0xF8,0x00,0x00,0xF8,0x20,0xFF,0xFF,0x27,0xC0,0xFF,0xFF,0x0F,0x80,0xFF,0xFF,0x0F,0x00,0xFF,0xFF,0x07,0x00,0x00,0x00,0x00,0x00,0x00,0x00,0x00,0x00,0x00,0x00,0x00,0x00,0x00,0x00,0x00,0x00,0x00,0x00,0x00,0x00,0x00,0x00,0x00},/*")",9*/
{0x00,0x00,0x00,0x00,0xE0,0x01,0x01,0x0E,0xC0,0x87,0x83,0x0F,0x80,0x8F,0xC3,0x07,0x00,0xBF,0xF3,0x01,0x00,0xFC,0xFB,0x00,0x00,0xF8,0x7F,0x00,0x00,0xF0,0x1F,0x00,0x00,0xF8,0x1F,0x00,0x00,0xFC,0x7F,0x00,0x00,0xBE,0xFB,0x00,0x00,0x9F,0xF3,0x01,0x80,0x87,0xC3,0x07,0xC0,0x83,0x83,0x0F,0xE0,0x01,0x01,0x0E,0x00,0x00,0x00,0x00},/*"*",10*/
{0x00,0x00,0x00,0x00,0x00,0x00,0x02,0x00,0x00,0x00,0x07,0x00,0x00,0x80,0x0F,0x00,0x00,0x80,0x0F,0x00,0x00,0x80,0x0F,0x00,0x00,0xF8,0xFF,0x00,0x00,0xFE,0xFF,0x03,0x00,0xFE,0xFF,0x03,0x00,0xF8,0xFF,0x00,0x00,0x80,0x0F,0x00,0x00,0x80,0x0F,0x00,0x00,0x80,0x0F,0x00,0x00,0x00,0x07,0x00,0x00,0x00,0x02,0x00,0x00,0x00,0x00,0x00},/*"+",11*/
{0x00,0x00,0x00,0x00,0x00,0x00,0x00,0xF0,0x00,0x00,0x00,0xF8,0x00,0x00,0x00,0x78,0x00,0x00,0x00,0x00,0x00,0x00,0x00,0x00,0x00,0x00,0x00,0x00,0x00,0x00,0x00,0x00,0x00,0x00,0x00,0x00,0x00,0x00,0x00,0x00,0x00,0x00,0x00,0x00,0x00,0x00,0x00,0x00,0x00,0x00,0x00,0x00,0x00,0x00,0x00,0x00,0x00,0x00,0x00,0x00,0x00,0x00,0x00,0x00},/*",",12*/
{0x00,0x00,0x00,0x00,0x00,0x00,0x07,0x00,0x00,0x80,0x0F,0x00,0x00,0x80,0x0F,0x00,0x00,0x80,0x0F,0x00,0x00,0x80,0x0F,0x00,0x00,0x80,0x0F,0x00,0x00,0x80,0x0F,0x00,0x00,0x80,0x0F,0x00,0x00,0x80,0x0F,0x00,0x00,0x80,0x0F,0x00,0x00,0x80,0x0F,0x00,0x00,0x00,0x07,0x00,0x00,0x00,0x02,0x00,0x00,0x00,0x00,0x00,0x00,0x00,0x00,0x00},/*"-",13*/
{0x00,0x00,0x00,0x00,0x00,0x00,0x00,0x20,0x00,0x00,0x00,0xF0,0x00,0x00,0x00,0x78,0x00,0x00,0x00,0x20,0x00,0x00,0x00,0x00,0x00,0x00,0x00,0x00,0x00,0x00,0x00,0x00,0x00,0x00,0x00,0x00,0x00,0x00,0x00,0x00,0x00,0x00,0x00,0x00,0x00,0x00,0x00,0x00,0x00,0x00,0x00,0x00,0x00,0x00,0x00,0x00,0x00,0x00,0x00,0x00,0x00,0x00,0x00,0x00},/*".",14*/
{0x00,0x00,0x00,0x00,0x00,0x00,0x80,0x1F,0x00,0x00,0xC0,0x1F,0x00,0x00,0xF0,0x1F,0x00,0x00,0xF8,0x07,0x00,0x00,0xFC,0x03,0x00,0x00,0xFF,0x01,0x00,0x80,0x7F,0x00,0x00,0xC0,0x3F,0x00,0x00,0xF0,0x1F,0x00,0x00,0xF8,0x07,0x00,0x00,0xFC,0x03,0x00,0x00,0xFF,0x01,0x00,0x80,0x7F,0x00,0x00,0x80,0x3F,0x00,0x00,0x80,0x1F,0x00,0x00},/*"/",15*/
{0x00,0x00,0x00,0x00,0xC0,0xFF,0xF0,0x1F,0xC0,0xFF,0xF9,0x1F,0x98,0xFF,0xFF,0xCF,0xB8,0xFF,0xF9,0xEF,0x78,0xFF,0xF0,0xF7,0xF8,0x00,0x00,0xF8,0xF8,0x00,0x00,0xF8,0xF8,0x00,0x00,0xF8,0xF8,0x00,0x00,0xF8,0xF8,0x00,0x00,0xF8,0xF8,0x00,0x00,0xF8,0x78,0xFF,0xF8,0xFB,0xB8,0xFF,0xFD,0xF7,0xC0,0xFF,0xFF,0x0F,0xC0,0xFF,0xF9,0x1F},/*"0",16*/
{0x00,0x00,0x00,0x00,0x20,0x00,0x00,0x00,0x70,0x00,0x00,0x00,0xF8,0x00,0x00,0x00,0x38,0x00,0x00,0x00,0x98,0x7F,0xF0,0x3F,0xC8,0xFF,0xF8,0xFF,0xF0,0xFF,0xF8,0xFF,0xF0,0x7F,0xF0,0x3F,0x00,0x00,0x00,0x00,0x00,0x00,0x00,0x00,0x00,0x00,0x00,0x00,0x00,0x00,0x00,0x00,0x00,0x00,0x00,0x00,0x00,0x00,0x00,0x00,0x00,0x00,0x00,0x00},/*"1",17*/
{0x00,0x00,0x00,0x00,0x20,0x00,0xF8,0x3F,0x70,0x00,0xFC,0x1F,0xF8,0x00,0xFA,0xEF,0xF8,0x80,0xF7,0xF3,0xF8,0x80,0x0F,0xF8,0xF8,0x80,0x0F,0xF8,0xF8,0x80,0x0F,0xF8,0xF8,0x80,0x0F,0xF8,0xF8,0x80,0x0F,0xF8,0xF8,0x80,0x0F,0xF8,0xF8,0x80,0x0F,0xF8,0xF8,0x80,0x0F,0xF8,0x38,0x7F,0x0E,0xF8,0x98,0xFF,0x0C,0xF8,0xE0,0xFF,0x01,0x70},/*"2",18*/
{0x00,0x00,0x00,0x00,0x20,0x00,0x02,0x20,0x70,0x80,0x0F,0x70,0xF8,0x80,0x0F,0xF8,0xF8,0x80,0x0F,0xF8,0xF8,0x80,0x0F,0xF8,0xF8,0x80,0x0F,0xF8,0xF8,0x80,0x0F,0xF8,0xF8,0x80,0x0F,0xF8,0xF8,0x80,0x0F,0xF8,0xF8,0x80,0x0F,0xF8,0xF8,0x00,0x0F,0xF8,0xF8,0xFE,0xFB,0xFB,0x38,0xFF,0xFF,0xE7,0x98,0xFF,0xFF,0xCF,0xE0,0xFF,0xFD,0x3F},/*"3",19*/
{0x00,0x00,0x00,0x00,0xF0,0x3F,0x00,0x00,0xFC,0xFF,0x00,0x00,0xFC,0xFF,0x00,0x00,0xF0,0xFF,0x00,0x00,0x00,0x00,0x07,0x00,0x00,0x80,0x0F,0x00,0x00,0x80,0x0F,0x00,0x00,0x80,0x0F,0x00,0x00,0x80,0x0F,0x00,0x00,0x80,0x0F,0x00,0x00,0x80,0x0F,0x00,0xF0,0xFF,0xFA,0x3F,0xF8,0xFF,0xFD,0x7F,0xFC,0xFF,0xFF,0xFF,0xF8,0xFF,0xFD,0x7F},/*"4",20*/
{0x00,0x00,0x00,0x00,0xF0,0x3F,0x00,0x20,0xE8,0x7F,0x00,0x70,0x98,0xFF,0x00,0xF8,0x38,0xFF,0x03,0xF8,0xF8,0xC0,0x07,0xF8,0xF8,0xC0,0x07,0xF8,0xF8,0xC0,0x07,0xF8,0xF8,0xC0,0x07,0xF8,0xF8,0xC0,0x07,0xF8,0xF8,0xC0,0x07,0xF8,0xF8,0xC0,0x07,0xF8,0xF8,0x80,0x03,0xF8,0xF8,0x00,0xF8,0xF3,0xF8,0x00,0xFC,0x6F,0x70,0x00,0xF8,0x1F},/*"5",21*/
{0x00,0x00,0x00,0x00,0xC0,0xFF,0xF0,0x1F,0xC0,0xFF,0xF9,0x1F,0x98,0xFF,0xFF,0xCF,0xB8,0xFF,0xFD,0xEF,0x78,0xFF,0xFA,0xF7,0xF8,0x80,0x0F,0xF8,0xF8,0x80,0x0F,0xF8,0xF8,0x80,0x0F,0xF8,0xF8,0x80,0x0F,0xF8,0xF8,0x80,0x0F,0xF8,0xF8,0x80,0x0F,0xF8,0xF8,0x80,0x0F,0xF8,0xF8,0x00,0xF2,0xF7,0xF8,0x00,0xF8,0x0F,0xF0,0x00,0xF8,0x1F},/*"6",22*/
{0x00,0x00,0x00,0x00,0x20,0x00,0x00,0x00,0xF0,0x00,0x00,0x00,0xF8,0x00,0x00,0x00,0xF8,0x00,0x00,0x00,0xF8,0x00,0x00,0x00,0xF8,0x00,0x00,0x00,0xF8,0x00,0x00,0x00,0xF8,0x00,0x00,0x00,0xF8,0x00,0x00,0x00,0xF8,0x00,0x00,0x00,0xF8,0x00,0x00,0x00,0x78,0xFE,0xF1,0x3F,0x38,0xFF,0xFB,0x7F,0x98,0xFF,0xFF,0xFF,0xC0,0xFF,0xFB,0x7F},/*"7",23*/
{0x00,0x00,0x00,0x00,0xC0,0xFF,0xF0,0x1F,0xC0,0xFF,0xF9,0x1F,0x90,0xFF,0xFF,0x4F,0xB8,0xFF,0xFD,0xEF,0x78,0xFF,0xFA,0xF7,0xF8,0x80,0x0F,0xF8,0xF8,0x80,0x0F,0xF8,0xF8,0x80,0x0F,0xF8,0xF8,0x80,0x0F,0xF8,0xF8,0x80,0x0F,0xF8,0xF8,0x80,0x0F,0xF8,0x78,0xFF,0xFA,0xFB,0xB8,0xFF,0xFD,0x77,0xC0,0xFF,0xFF,0x0F,0xC0,0xFF,0xFD,0x1F},/*"8",24*/
{0x00,0x00,0x00,0x00,0xC0,0xFF,0x00,0x20,0xC0,0xFF,0x03,0x70,0x90,0xFF,0x01,0xF8,0x38,0xFF,0x02,0xF8,0xF8,0x00,0x07,0xF8,0xF8,0x80,0x0F,0xF8,0xF8,0x80,0x0F,0xF8,0xF8,0x80,0x0F,0xF8,0xF8,0x80,0x0F,0xF8,0xF8,0x80,0x0F,0xF8,0xF8,0x80,0x0F,0xF8,0x78,0xFF,0xFA,0xFB,0xB8,0xFF,0xFD,0x77,0xC0,0xFF,0xFF,0x0F,0xC0,0xFF,0xFD,0x1F},/*"9",25*/
{0x00,0x00,0x00,0x00,0x00,0x00,0x00,0x00,0x00,0x08,0x80,0x00,0x00,0x1E,0xC0,0x03,0x00,0x1C,0xE0,0x01,0x00,0x08,0x80,0x00,0x00,0x00,0x00,0x00,0x00,0x00,0x00,0x00,0x00,0x00,0x00,0x00,0x00,0x00,0x00,0x00,0x00,0x00,0x00,0x00,0x00,0x00,0x00,0x00,0x00,0x00,0x00,0x00,0x00,0x00,0x00,0x00,0x00,0x00,0x00,0x00,0x00,0x00,0x00,0x00},/*":",26*/
{0x00,0x00,0x00,0x00,0x00,0x00,0x00,0x00,0x00,0x08,0xC0,0x07,0x00,0x1E,0xE0,0x07,0x00,0x1C,0xF0,0x01,0x00,0x08,0x70,0x00,0x00,0x00,0x00,0x00,0x00,0x00,0x00,0x00,0x00,0x00,0x00,0x00,0x00,0x00,0x00,0x00,0x00,0x00,0x00,0x00,0x00,0x00,0x00,0x00,0x00,0x00,0x00,0x00,0x00,0x00,0x00,0x00,0x00,0x00,0x00,0x00,0x00,0x00,0x00,0x00},/*";",27*/
{0x00,0x00,0x00,0x00,0x00,0xF8,0x7C,0x00,0x00,0xFC,0xFC,0x00,0x00,0x7E,0xF8,0x01,0x80,0x3F,0xF0,0x07,0x80,0x0F,0xC0,0x07,0x80,0x07,0x80,0x07,0x00,0x00,0x00,0x00,0x00,0x00,0x00,0x00,0x00,0x00,0x00,0x00,0x00,0x00,0x00,0x00,0x00,0x00,0x00,0x00,0x00,0x00,0x00,0x00,0x00,0x00,0x00,0x00,0x00,0x00,0x00,0x00,0x00,0x00,0x00,0x00},/*"<",28*/
{0x00,0x00,0x00,0x00,0x00,0x70,0x38,0x00,0x00,0xF8,0x7C,0x00,0x00,0xF8,0x7C,0x00,0x00,0xF8,0x7C,0x00,0x00,0xF8,0x7C,0x00,0x00,0xF8,0x7C,0x00,0x00,0xF8,0x7C,0x00,0x00,0xF8,0x7C,0x00,0x00,0xF8,0x7C,0x00,0x00,0xF8,0x7C,0x00,0x00,0xF8,0x7C,0x00,0x00,0x70,0x38,0x00,0x00,0x00,0x00,0x00,0x00,0x00,0x00,0x00,0x00,0x00,0x00,0x00},/*"=",29*/
{0x00,0x00,0x00,0x00,0x80,0x0F,0xC0,0x07,0x80,0x1F,0xE0,0x07,0x00,0x7F,0xF8,0x03,0x00,0xFC,0xFC,0x00,0x00,0xF8,0x7C,0x00,0x00,0xF0,0x3C,0x00,0x00,0x00,0x00,0x00,0x00,0x00,0x00,0x00,0x00,0x00,0x00,0x00,0x00,0x00,0x00,0x00,0x00,0x00,0x00,0x00,0x00,0x00,0x00,0x00,0x00,0x00,0x00,0x00,0x00,0x00,0x00,0x00,0x00,0x00,0x00,0x00},/*">",30*/
{0x00,0x00,0x00,0x00,0x80,0x3F,0x00,0x00,0x80,0xFF,0x00,0x00,0xB0,0xFF,0x00,0x00,0xF8,0x3F,0x00,0x00,0xF8,0x00,0x00,0x00,0xF8,0x00,0x3F,0x20,0xF8,0x80,0x7F,0xF0,0xF8,0x80,0xFF,0x70,0xF8,0x80,0x3F,0x20,0xF8,0x80,0x07,0x00,0xF8,0x80,0x07,0x00,0xF8,0x80,0x07,0x00,0x38,0x7F,0x00,0x00,0x80,0xFF,0x00,0x00,0xC0,0xFF,0x00,0x00},/*"?",31*/
{0x00,0x00,0x00,0x00,0xC0,0xFF,0xF1,0x3F,0xC0,0xFF,0xFB,0x9F,0x98,0xFF,0xFF,0xEF,0x38,0xFF,0xFD,0xF3,0x78,0xFE,0xF8,0xF9,0xF8,0xE0,0x7F,0xF8,0xF8,0x98,0x3F,0xF9,0xF8,0x38,0xC0,0xF9,0xF8,0x38,0xC0,0xF9,0xF8,0x38,0xC0,0xF9,0xF8,0x38,0xC0,0xF9,0x78,0xFF,0xBF,0xF9,0x98,0xFF,0xFF,0xF9,0xC0,0xFF,0x7F,0xE0,0xC0,0xFF,0x3F,0x00},/*"@",32*/
{0x00,0x00,0x00,0x00,0xE0,0xFF,0xF1,0x3F,0xE0,0xFF,0xFB,0x7F,0xD8,0xFF,0xFF,0xFF,0xB8,0xFF,0xFD,0x7F,0x78,0xFF,0xFA,0x3F,0xF8,0x80,0x0F,0x00,0xF8,0x80,0x0F,0x00,0xF8,0x80,0x0F,0x00,0xF8,0x80,0x0F,0x00,0xF8,0x80,0x0F,0x00,0xF8,0x80,0x0F,0x00,0xF8,0xFE,0xF3,0x3F,0x38,0xFF,0xFB,0x7F,0x98,0xFF,0xFF,0xFF,0xE0,0xFF,0xFD,0x7F},/*"A",33*/
{0x00,0x00,0x00,0x00,0xF0,0xFF,0xF8,0x3F,0xE8,0xFF,0xFD,0x9F,0xD8,0xFF,0xFF,0xEF,0xB8,0xFF,0xFD,0xF3,0x78,0xFF,0xFA,0xF9,0xF8,0x80,0x0F,0xF8,0xF8,0x80,0x0F,0xF8,0xF8,0x80,0x0F,0xF8,0xF8,0x80,0x0F,0xF8,0xF8,0x80,0x0F,0xF8,0xF8,0x80,0x0F,0xF8,0x78,0xFF,0xFA,0xFB,0xB0,0xFF,0xFD,0x37,0xC0,0xFF,0xFF,0x0F,0xC0,0xFF,0xFD,0x0F},/*"B",34*/
{0x00,0x00,0x00,0x00,0xC0,0xFF,0xF8,0x1F,0xC0,0xFF,0xFD,0x1F,0xD8,0xFF,0xFF,0xCF,0xB8,0xFF,0xF9,0xE7,0x78,0xFF,0xF0,0xF7,0xF8,0x00,0x00,0xF8,0xF8,0x00,0x00,0xF8,0xF8,0x00,0x00,0xF8,0xF8,0x00,0x00,0xF8,0xF8,0x00,0x00,0xF8,0xF8,0x00,0x00,0xF8,0xF8,0x00,0x00,0xF8,0xF8,0x00,0x00,0xF8,0xF8,0x00,0x00,0xF8,0xF8,0x00,0x00,0xF8},/*"C",35*/
{0x00,0x00,0x00,0x00,0xF0,0xFF,0xF8,0x3F,0xE8,0xFF,0xFD,0x9F,0xD8,0xFF,0xFF,0xEF,0xB8,0xFF,0xFF,0xF3,0x78,0xFF,0xFC,0xF9,0xF8,0x00,0x00,0xF8,0xF8,0x00,0x00,0xF8,0xF8,0x00,0x00,0xF8,0xF8,0x00,0x00,0xF8,0xF8,0x00,0x00,0xF8,0xF8,0x00,0x00,0xF8,0xF8,0x00,0x00,0xF8,0x30,0xFF,0xFF,0x37,0xC0,0xFF,0xFF,0x0F,0xC0,0xFF,0xFF,0x0F},/*"D",36*/
{0x00,0x00,0x00,0x00,0xC0,0xFF,0xF8,0x1F,0xC0,0xFF,0xFD,0x1F,0xD8,0xFF,0xFF,0xCF,0xB8,0xFF,0xFD,0xE7,0x78,0xFF,0xFA,0xF7,0xF8,0x80,0x0F,0xF8,0xF8,0x80,0x0F,0xF8,0xF8,0x80,0x0F,0xF8,0xF8,0x80,0x0F,0xF8,0xF8,0x80,0x0F,0xF8,0xF8,0x80,0x0F,0xF8,0xF8,0x80,0x0F,0xF8,0xF8,0x80,0x0F,0xF8,0xF8,0x00,0x02,0xF8,0xF8,0x00,0x00,0xF8},/*"E",37*/
{0x00,0x00,0x00,0x00,0xE0,0xFF,0xF1,0x3F,0xE0,0xFF,0xFB,0x7F,0xD8,0xFF,0xFF,0xFF,0xB8,0xFF,0xFD,0x7F,0x78,0xFF,0xFA,0x3F,0xF8,0x80,0x0F,0x00,0xF8,0x80,0x0F,0x00,0xF8,0x80,0x0F,0x00,0xF8,0x80,0x0F,0x00,0xF8,0x80,0x0F,0x00,0xF8,0x80,0x0F,0x00,0xF8,0x80,0x0F,0x00,0xF8,0x80,0x0F,0x00,0xF8,0x00,0x02,0x00,0xF8,0x00,0x00,0x00},/*"F",38*/
{0x00,0x00,0x00,0x00,0xC0,0xFF,0xF8,0x1F,0xC0,0xFF,0xFD,0x1F,0xD8,0xFF,0xFF,0xCF,0xB8,0xFF,0xFB,0xE7,0x78,0xFF,0xF1,0xF7,0xF8,0x00,0x00,0xF8,0xF8,0x00,0x00,0xF8,0xF8,0x00,0x08,0xF8,0xF8,0x00,0x1C,0xF8,0xF8,0x00,0x3E,0xF8,0xF8,0x00,0x3E,0xF8,0xF8,0x00,0x1E,0xF8,0xF8,0x00,0xCE,0x77,0xF8,0x00,0xF6,0x0F,0xF0,0x00,0xF8,0x1F},/*"G",39*/
{0x00,0x00,0x00,0x00,0xF0,0xFF,0xF8,0x3F,0xF8,0xFF,0xFD,0x7F,0xFC,0xFF,0xFF,0xFF,0xF8,0xFF,0xFD,0x7F,0xF0,0xFF,0xFA,0x3F,0x00,0x80,0x0F,0x00,0x00,0x80,0x0F,0x00,0x00,0x80,0x0F,0x00,0x00,0x80,0x0F,0x00,0x00,0x80,0x0F,0x00,0x00,0x80,0x0F,0x00,0xF0,0xFF,0xFA,0x3F,0xF8,0xFF,0xFD,0x7F,0xFC,0xFF,0xFF,0xFF,0xF8,0xFF,0xFD,0x7F},/*"H",40*/
{0x00,0x00,0x00,0x00,0xF0,0xFF,0xF8,0x3F,0xF8,0xFF,0xFD,0x7F,0xFC,0xFF,0xFF,0xFF,0xF8,0xFF,0xFD,0x7F,0xF0,0xFF,0xF8,0x3F,0x00,0x00,0x00,0x00,0x00,0x00,0x00,0x00,0x00,0x00,0x00,0x00,0x00,0x00,0x00,0x00,0x00,0x00,0x00,0x00,0x00,0x00,0x00,0x00,0x00,0x00,0x00,0x00,0x00,0x00,0x00,0x00,0x00,0x00,0x00,0x00,0x00,0x00,0x00,0x00},/*"I",41*/
{0x00,0x00,0x00,0x00,0x00,0x00,0xF8,0x07,0x00,0x00,0xFC,0x0F,0x00,0x00,0xFC,0x0F,0x00,0x00,0xF8,0x67,0x00,0x00,0x00,0xF8,0x00,0x00,0x00,0xF8,0x00,0x00,0x00,0xF8,0x00,0x00,0x00,0xF8,0x00,0x00,0x00,0xF8,0x00,0x00,0x00,0xF8,0x00,0x00,0x00,0xF8,0x00,0x00,0x00,0xF8,0xF0,0xFF,0xFF,0xE7,0xFC,0xFF,0xFF,0x4F,0xFC,0xFF,0xFF,0x1F},/*"J",42*/
{0x00,0x00,0x00,0x00,0xF0,0xFF,0xF8,0x3F,0xF8,0xFF,0xFD,0x7F,0xFC,0xFF,0xFF,0xFF,0xF8,0xFF,0xFD,0x7F,0xF0,0xFF,0xFA,0x3F,0x00,0x80,0x0F,0x00,0x00,0xF0,0x0F,0x00,0x00,0xFC,0x0F,0x00,0x00,0xFF,0x0F,0x00,0x80,0xBF,0x0F,0x00,0xE0,0x9F,0x0F,0x00,0xF8,0x87,0x0F,0x00,0xFC,0x81,0x8F,0x3F,0x7C,0x80,0xEF,0xFF,0x3C,0x00,0xF3,0xFF},/*"K",43*/
{0x00,0x00,0x00,0x00,0xF0,0xFF,0xF8,0x3F,0xF8,0xFF,0xFD,0xDF,0xFC,0xFF,0xFF,0xEF,0xF8,0xFF,0xFE,0xFB,0xF0,0x7F,0xFC,0xF9,0x00,0x00,0x00,0xF8,0x00,0x00,0x00,0xF8,0x00,0x00,0x00,0xF8,0x00,0x00,0x00,0xF8,0x00,0x00,0x00,0xF8,0x00,0x00,0x00,0xF8,0x00,0x00,0x00,0xF8,0x00,0x00,0x00,0xF8,0x00,0x00,0x00,0x70,0x00,0x00,0x00,0x20},/*"L",44*/
{0x00,0x00,0x00,0x00,0xE0,0xFF,0xF9,0x3F,0xF8,0xFF,0xFF,0xFF,0xB8,0xFF,0xFB,0x7F,0x78,0xFF,0xF1,0x3F,0xF8,0x00,0x00,0x00,0xF8,0x00,0x00,0x00,0xF8,0xFE,0x03,0x00,0xF8,0xFE,0x07,0x00,0xF8,0xFE,0x03,0x00,0xF8,0x00,0x00,0x00,0xF8,0xF0,0xC7,0x7F,0xF8,0xFC,0xEF,0x7F,0x38,0xFF,0xFF,0xFF,0xC0,0xFF,0xFB,0x7F,0xE0,0xFF,0xF1,0x3F},/*"M",45*/
{0x00,0x00,0x00,0x00,0xF0,0xFF,0xF8,0x3F,0xF8,0xFF,0xFD,0x7F,0xFC,0xFF,0xFF,0xFF,0xF8,0xFF,0xFD,0x7F,0xF0,0xFF,0xF8,0x3F,0x00,0x00,0x00,0x00,0xC0,0x0F,0x00,0x00,0x00,0x7F,0x00,0x00,0x00,0xFC,0x00,0x00,0x00,0x00,0x00,0x00,0xF0,0xFF,0xF8,0x3F,0xF8,0xFF,0xFD,0x7F,0xFC,0xFF,0xFF,0xFF,0xF8,0xFF,0xFD,0x7F,0xF0,0xFF,0xF8,0x3F},/*"N",46*/
{0x00,0x00,0x00,0x00,0xC0,0xFF,0xF8,0x3F,0xC0,0xFF,0xFD,0x9F,0xD8,0xFF,0xFF,0xEF,0xB8,0xFF,0xFF,0xF3,0x78,0xFF,0xFC,0xF9,0xF8,0x00,0x00,0xF8,0xF8,0x00,0x00,0xF8,0xF8,0x00,0x00,0xF8,0xF8,0x00,0x00,0xF8,0xF8,0x00,0x00,0xF8,0xF8,0x00,0x00,0xF8,0x78,0xFF,0xF8,0xFB,0xB8,0xFF,0xFD,0xF7,0xD8,0xFF,0xFF,0xCF,0xC0,0xFF,0xFD,0x1F},/*"O",47*/
{0x00,0x00,0x00,0x00,0xE0,0xFF,0xF1,0x3F,0xE0,0xFF,0xFB,0x7F,0xD8,0xFF,0xFF,0xFF,0xB8,0xFF,0xFD,0x7F,0x78,0xFF,0xFA,0x3F,0xF8,0x80,0x0F,0x00,0xF8,0x80,0x0F,0x00,0xF8,0x80,0x0F,0x00,0xF8,0x80,0x0F,0x00,0xF8,0x80,0x0F,0x00,0xF8,0x80,0x0F,0x00,0xF8,0x00,0x07,0x00,0x38,0xFF,0x04,0x00,0x98,0xFF,0x03,0x00,0xE0,0xFF,0x01,0x00},/*"P",48*/
{0x00,0x00,0x00,0x00,0xC0,0xFF,0xF0,0x1F,0xC0,0xFF,0xF9,0x1F,0xD8,0xFF,0xFF,0xEF,0xB8,0xFF,0xFD,0xF3,0x78,0xFF,0xFC,0xF9,0xF8,0x00,0x00,0xF8,0xF8,0x00,0x00,0xF8,0xF8,0x00,0x00,0xF8,0xF8,0x00,0x00,0xF8,0xF8,0x00,0x00,0xF0,0xF8,0x00,0x00,0xE0,0x78,0xFF,0x30,0xDE,0xB8,0xFF,0x79,0xBE,0xC0,0xFF,0xFF,0x7C,0xC0,0xFF,0xF9,0xF9},/*"Q",49*/
{0x00,0x00,0x00,0x00,0xE0,0xFF,0xF1,0x3F,0xE0,0xFF,0xFB,0x7F,0xD8,0xFF,0xFF,0xFF,0xB8,0xFF,0xFD,0x7F,0x78,0xFF,0xFA,0x3F,0xF8,0x80,0x0F,0x00,0xF8,0x80,0x2F,0x00,0xF8,0x80,0x6F,0x00,0xF8,0x80,0xEF,0x01,0xF8,0x80,0xEF,0x07,0xF8,0x80,0xEF,0x0F,0xF8,0x00,0x87,0x3F,0x38,0xFF,0x04,0x7F,0x98,0xFF,0x03,0xFC,0xE0,0xFF,0x01,0xF0},/*"R",50*/
{0x00,0x00,0x00,0x00,0xC0,0x7F,0x00,0x20,0xE0,0xFF,0x01,0x70,0x90,0xFF,0x00,0xF8,0x38,0x3F,0x07,0xF8,0xF8,0x80,0x0F,0xF8,0xF8,0x80,0x0F,0xF8,0xF8,0x80,0x0F,0xF8,0xF8,0x80,0x0F,0xF8,0xF8,0x80,0x0F,0xF8,0xF8,0x80,0x0F,0xF8,0xF8,0x80,0x0F,0xF8,0xF8,0x00,0x0F,0xF8,0xF8,0x00,0xF2,0xF3,0xF8,0x00,0xF8,0x6F,0x70,0x00,0xF8,0x1F},/*"S",51*/
{0x00,0x00,0x00,0x00,0x20,0x00,0x00,0x00,0x70,0x00,0x00,0x00,0xF8,0x00,0x00,0x00,0xF8,0x00,0x00,0x00,0xF8,0x00,0x00,0x00,0xF8,0x00,0x00,0x00,0xF8,0xFE,0xF0,0x3F,0xF8,0xFE,0xF9,0x7F,0xF8,0xFE,0xFF,0xFF,0xF8,0xFE,0xF9,0x7F,0xF8,0xFE,0xF0,0x3F,0xF8,0x00,0x00,0x00,0xF8,0x00,0x00,0x00,0xF8,0x00,0x00,0x00,0xF8,0x00,0x00,0x00},/*"T",52*/
{0x00,0x00,0x00,0x00,0xF0,0xFF,0xF8,0x3F,0xF8,0xFF,0xFD,0x1F,0xFC,0xFF,0xFF,0xCF,0xF8,0xFF,0xFE,0xF3,0xF0,0x7F,0xFC,0xF9,0x00,0x00,0x00,0xF8,0x00,0x00,0x00,0xF8,0x00,0x00,0x00,0xF8,0x00,0x00,0x00,0xF8,0x00,0x00,0x00,0xF8,0x00,0x00,0x00,0xF8,0xF0,0x7F,0xFC,0xF9,0xF8,0xFF,0xFE,0xE3,0xFC,0xFF,0xFF,0xC7,0xF8,0xFF,0xFE,0x0F},/*"U",53*/
{0x00,0x00,0x00,0x00,0xF0,0xFF,0x01,0x00,0xFC,0xFF,0x03,0x00,0xFC,0xFF,0xF3,0x01,0xF0,0xFF,0xF1,0x07,0x00,0x00,0xC0,0x0F,0x00,0x00,0x80,0x1F,0x00,0x00,0x00,0x3F,0x00,0x00,0x00,0xFC,0x00,0x00,0x00,0x00,0x00,0x00,0x00,0x7E,0x00,0x00,0x00,0x3F,0x00,0x00,0x80,0x1F,0xF0,0xFF,0xE1,0x07,0xFC,0xFF,0xF3,0x03,0xFC,0xFF,0xF3,0x00},/*"V",54*/
{0x00,0x00,0x00,0x00,0xF0,0xFF,0xF8,0x3F,0xF8,0xFF,0xFD,0x1F,0xFC,0xFF,0xFF,0xCF,0xF8,0xFF,0xFE,0xF3,0xF0,0x7F,0xFC,0xF9,0x00,0x00,0x00,0xF8,0x00,0x00,0xF8,0xFB,0x00,0x00,0xFC,0xFB,0x00,0x00,0xFC,0xFB,0x00,0x00,0xF8,0xFB,0x00,0x00,0x00,0xF8,0x00,0x00,0x00,0xF8,0xF0,0x7F,0xF8,0xFB,0xF8,0xFF,0xFE,0xE7,0xFC,0xFF,0xFF,0xCF},/*"W",55*/
{0x00,0x00,0x00,0x00,0xF8,0x00,0x00,0xF8,0xF8,0x01,0x00,0xFC,0xF8,0x07,0x00,0xFF,0xF0,0x0F,0x80,0x7F,0xC0,0x3F,0xE0,0x1F,0x80,0x7F,0xF0,0x0F,0x00,0xFE,0xF8,0x03,0x00,0x00,0x07,0x00,0x00,0xFE,0xFA,0x03,0x80,0xFF,0xF8,0x0F,0xC0,0x3F,0xE0,0x1F,0xE0,0x1F,0xC0,0x3F,0xF8,0x07,0x00,0xFF,0xF8,0x03,0x00,0xFE,0xF8,0x01,0x00,0xFC},/*"X",56*/
{0x00,0x00,0x00,0x00,0xF0,0xFF,0x00,0x20,0xFC,0xFF,0x03,0x70,0xFC,0xFF,0x01,0xF8,0xF0,0xFF,0x02,0xF8,0x00,0x00,0x0F,0xF8,0x00,0x80,0x0F,0xF8,0x00,0x80,0x0F,0xF8,0x00,0x80,0x0F,0xF8,0x00,0x80,0x0F,0xF8,0x00,0x80,0x0F,0xF8,0x00,0x80,0x0F,0xF8,0xF0,0xFF,0xFA,0xFB,0xF8,0xFF,0xFD,0xE7,0xFC,0xFF,0xFF,0xCF,0xF8,0xFF,0xFD,0x3F},/*"Y",57*/
{0x00,0x00,0x00,0x00,0x00,0x00,0x00,0x20,0x70,0x00,0x00,0x70,0xF8,0x00,0x00,0xF8,0xF8,0x00,0x00,0xFA,0xF8,0x00,0x80,0xFB,0xF8,0x00,0xC0,0xFB,0xF8,0x00,0xF0,0xFB,0xF8,0x00,0xF8,0xFB,0xF8,0x00,0xFE,0xF9,0xF8,0x00,0xFF,0xF8,0xF8,0x80,0x3F,0xF8,0xF8,0xE0,0x1F,0xF8,0xF8,0xF0,0x0F,0xF8,0xF8,0xFC,0x03,0xF8,0x70,0xFE,0x01,0xF8},/*"Z",58*/
{0x00,0x00,0x00,0x00,0xF8,0xFF,0xFF,0xFF,0xF8,0xFF,0xFF,0xFF,0xF8,0xFF,0xFF,0xFF,0xF8,0xFF,0xFF,0xFF,0xF8,0x00,0x00,0xF8,0xF8,0x00,0x00,0xF8,0xF8,0x00,0x00,0xF8,0x70,0x00,0x00,0x70,0x20,0x00,0x00,0x20,0x00,0x00,0x00,0x00,0x00,0x00,0x00,0x00,0x00,0x00,0x00,0x00,0x00,0x00,0x00,0x00,0x00,0x00,0x00,0x00,0x00,0x00,0x00,0x00},/*"[",59*/
{0x00,0x00,0x00,0x00,0x80,0x1F,0x00,0x00,0x80,0x3F,0x00,0x00,0x80,0xFF,0x00,0x00,0x00,0xFE,0x01,0x00,0x00,0xFC,0x03,0x00,0x00,0xF8,0x0F,0x00,0x00,0xE0,0x1F,0x00,0x00,0xC0,0x3F,0x00,0x00,0x80,0xFF,0x00,0x00,0x00,0xFE,0x01,0x00,0x00,0xFC,0x03,0x00,0x00,0xF8,0x0F,0x00,0x00,0xE0,0x1F,0x00,0x00,0xC0,0x1F,0x00,0x00,0x80,0x1F},/*"\",60*/
{0x00,0x00,0x00,0x00,0x20,0x00,0x00,0x20,0x70,0x00,0x00,0x70,0xF8,0x00,0x00,0xF8,0xF8,0x00,0x00,0xF8,0xF8,0x00,0x00,0xF8,0xF8,0xFF,0xFF,0xFF,0xF8,0xFF,0xFF,0xFF,0xF8,0xFF,0xFF,0xFF,0xF8,0xFF,0xFF,0xFF,0x00,0x00,0x00,0x00,0x00,0x00,0x00,0x00,0x00,0x00,0x00,0x00,0x00,0x00,0x00,0x00,0x00,0x00,0x00,0x00,0x00,0x00,0x00,0x00},/*"]",61*/
{0x00,0x00,0x00,0x00,0x80,0x01,0x00,0x00,0xC0,0x01,0x00,0x00,0xE0,0x01,0x00,0x00,0xF0,0x00,0x00,0x00,0x78,0x00,0x00,0x00,0x38,0x00,0x00,0x00,0x00,0x00,0x00,0x00,0x38,0x00,0x00,0x00,0x78,0x00,0x00,0x00,0xF0,0x00,0x00,0x00,0xE0,0x01,0x00,0x00,0xC0,0x01,0x00,0x00,0x80,0x00,0x00,0x00,0x00,0x00,0x00,0x00,0x00,0x00,0x00,0x00},/*"^",62*/
{0x00,0x00,0x00,0x00,0x00,0x00,0x00,0x70,0x00,0x00,0x00,0xF8,0x00,0x00,0x00,0xF8,0x00,0x00,0x00,0xF8,0x00,0x00,0x00,0xF8,0x00,0x00,0x00,0xF8,0x00,0x00,0x00,0xF8,0x00,0x00,0x00,0xF8,0x00,0x00,0x00,0xF8,0x00,0x00,0x00,0xF8,0x00,0x00,0x00,0xF8,0x00,0x00,0x00,0x70,0x00,0x00,0x00,0x20,0x00,0x00,0x00,0x00,0x00,0x00,0x00,0x00},/*"_",63*/
{0x00,0x00,0x00,0x00,0xF0,0x03,0x00,0x00,0xFC,0x0F,0x00,0x00,0xFC,0x0F,0x00,0x00,0xF0,0x03,0x00,0x00,0x00,0x00,0x00,0x00,0x00,0x00,0x00,0x00,0x00,0x00,0x00,0x00,0x00,0x00,0x00,0x00,0x00,0x00,0x00,0x00,0x00,0x00,0x00,0x00,0x00,0x00,0x00,0x00,0x00,0x00,0x00,0x00,0x00,0x00,0x00,0x00,0x00,0x00,0x00,0x00,0x00,0x00,0x00,0x00},/*"`",64*/
{0x00,0x00,0x00,0x00,0xE0,0xFF,0xF1,0x3F,0xE0,0xFF,0xFB,0x7F,0xD8,0xFF,0xFF,0xFF,0xB8,0xFF,0xFD,0x7F,0x78,0xFF,0xFA,0x3F,0xF8,0x80,0x0F,0x00,0xF8,0x80,0x0F,0x00,0xF8,0x80,0x0F,0x00,0xF8,0x80,0x0F,0x00,0xF8,0x80,0x0F,0x00,0xF8,0x80,0x0F,0x00,0xF8,0xFE,0xF3,0x3F,0x38,0xFF,0xFB,0x7F,0x98,0xFF,0xFF,0xFF,0xE0,0xFF,0xFD,0x7F},/*"a",65*/
{0x00,0x00,0x00,0x00,0xF0,0xFF,0xF8,0x3F,0xE8,0xFF,0xFD,0x9F,0xD8,0xFF,0xFF,0xEF,0xB8,0xFF,0xFD,0xF3,0x78,0xFF,0xFA,0xF9,0xF8,0x80,0x0F,0xF8,0xF8,0x80,0x0F,0xF8,0xF8,0x80,0x0F,0xF8,0xF8,0x80,0x0F,0xF8,0xF8,0x80,0x0F,0xF8,0xF8,0x80,0x0F,0xF8,0x78,0xFF,0xFA,0xFB,0xB0,0xFF,0xFD,0x37,0xC0,0xFF,0xFF,0x0F,0xC0,0xFF,0xFD,0x0F},/*"b",66*/
{0x00,0x00,0x00,0x00,0xC0,0xFF,0xF8,0x1F,0xC0,0xFF,0xFD,0x1F,0xD8,0xFF,0xFF,0xCF,0xB8,0xFF,0xF9,0xE7,0x78,0xFF,0xF0,0xF7,0xF8,0x00,0x00,0xF8,0xF8,0x00,0x00,0xF8,0xF8,0x00,0x00,0xF8,0xF8,0x00,0x00,0xF8,0xF8,0x00,0x00,0xF8,0xF8,0x00,0x00,0xF8,0xF8,0x00,0x00,0xF8,0xF8,0x00,0x00,0xF8,0xF8,0x00,0x00,0xF8,0xF8,0x00,0x00,0xF8},/*"c",67*/
{0x00,0x00,0x00,0x00,0xF0,0xFF,0xF8,0x3F,0xE8,0xFF,0xFD,0x9F,0xD8,0xFF,0xFF,0xEF,0xB8,0xFF,0xFF,0xF3,0x78,0xFF,0xFC,0xF9,0xF8,0x00,0x00,0xF8,0xF8,0x00,0x00,0xF8,0xF8,0x00,0x00,0xF8,0xF8,0x00,0x00,0xF8,0xF8,0x00,0x00,0xF8,0xF8,0x00,0x00,0xF8,0xF8,0x00,0x00,0xF8,0x30,0xFF,0xFF,0x37,0xC0,0xFF,0xFF,0x0F,0xC0,0xFF,0xFF,0x0F},/*"d",68*/
{0x00,0x00,0x00,0x00,0xC0,0xFF,0xF8,0x1F,0xC0,0xFF,0xFD,0x1F,0xD8,0xFF,0xFF,0xCF,0xB8,0xFF,0xFD,0xE7,0x78,0xFF,0xFA,0xF7,0xF8,0x80,0x0F,0xF8,0xF8,0x80,0x0F,0xF8,0xF8,0x80,0x0F,0xF8,0xF8,0x80,0x0F,0xF8,0xF8,0x80,0x0F,0xF8,0xF8,0x80,0x0F,0xF8,0xF8,0x80,0x0F,0xF8,0xF8,0x80,0x0F,0xF8,0xF8,0x00,0x02,0xF8,0xF8,0x00,0x00,0xF8},/*"e",69*/
{0x00,0x00,0x00,0x00,0xE0,0xFF,0xF1,0x3F,0xE0,0xFF,0xFB,0x7F,0xD8,0xFF,0xFF,0xFF,0xB8,0xFF,0xFD,0x7F,0x78,0xFF,0xFA,0x3F,0xF8,0x80,0x0F,0x00,0xF8,0x80,0x0F,0x00,0xF8,0x80,0x0F,0x00,0xF8,0x80,0x0F,0x00,0xF8,0x80,0x0F,0x00,0xF8,0x80,0x0F,0x00,0xF8,0x80,0x0F,0x00,0xF8,0x80,0x0F,0x00,0xF8,0x00,0x02,0x00,0xF8,0x00,0x00,0x00},/*"f",70*/
{0x00,0x00,0x00,0x00,0xC0,0xFF,0xF8,0x1F,0xC0,0xFF,0xFD,0x1F,0xD8,0xFF,0xFF,0xCF,0xB8,0xFF,0xFB,0xE7,0x78,0xFF,0xF1,0xF7,0xF8,0x00,0x00,0xF8,0xF8,0x00,0x00,0xF8,0xF8,0x00,0x08,0xF8,0xF8,0x00,0x1C,0xF8,0xF8,0x00,0x3E,0xF8,0xF8,0x00,0x3E,0xF8,0xF8,0x00,0x1E,0xF8,0xF8,0x00,0xCE,0x77,0xF8,0x00,0xF6,0x0F,0xF0,0x00,0xF8,0x1F},/*"g",71*/
{0x00,0x00,0x00,0x00,0xF0,0xFF,0xF8,0x3F,0xF8,0xFF,0xFD,0x7F,0xFC,0xFF,0xFF,0xFF,0xF8,0xFF,0xFD,0x7F,0xF0,0xFF,0xFA,0x3F,0x00,0x80,0x0F,0x00,0x00,0x80,0x0F,0x00,0x00,0x80,0x0F,0x00,0x00,0x80,0x0F,0x00,0x00,0x80,0x0F,0x00,0x00,0x80,0x0F,0x00,0xF0,0xFF,0xFA,0x3F,0xF8,0xFF,0xFD,0x7F,0xFC,0xFF,0xFF,0xFF,0xF8,0xFF,0xFD,0x7F},/*"h",72*/
{0x00,0x00,0x00,0x00,0xF0,0xFF,0xF8,0x3F,0xF8,0xFF,0xFD,0x7F,0xFC,0xFF,0xFF,0xFF,0xF8,0xFF,0xFD,0x7F,0xF0,0xFF,0xF8,0x3F,0x00,0x00,0x00,0x00,0x00,0x00,0x00,0x00,0x00,0x00,0x00,0x00,0x00,0x00,0x00,0x00,0x00,0x00,0x00,0x00,0x00,0x00,0x00,0x00,0x00,0x00,0x00,0x00,0x00,0x00,0x00,0x00,0x00,0x00,0x00,0x00,0x00,0x00,0x00,0x00},/*"i",73*/
{0x00,0x00,0x00,0x00,0x00,0x00,0xF8,0x07,0x00,0x00,0xFC,0x0F,0x00,0x00,0xFC,0x0F,0x00,0x00,0xF8,0x67,0x00,0x00,0x00,0xF8,0x00,0x00,0x00,0xF8,0x00,0x00,0x00,0xF8,0x00,0x00,0x00,0xF8,0x00,0x00,0x00,0xF8,0x00,0x00,0x00,0xF8,0x00,0x00,0x00,0xF8,0x00,0x00,0x00,0xF8,0xF0,0xFF,0xFF,0xE7,0xFC,0xFF,0xFF,0x4F,0xFC,0xFF,0xFF,0x1F},/*"j",74*/
{0x00,0x00,0x00,0x00,0xF0,0xFF,0xF8,0x3F,0xF8,0xFF,0xFD,0x7F,0xFC,0xFF,0xFF,0xFF,0xF8,0xFF,0xFD,0x7F,0xF0,0xFF,0xFA,0x3F,0x00,0x80,0x0F,0x00,0x00,0xF0,0x0F,0x00,0x00,0xFC,0x0F,0x00,0x00,0xFF,0x0F,0x00,0x80,0xBF,0x0F,0x00,0xE0,0x9F,0x0F,0x00,0xF8,0x87,0x0F,0x00,0xFC,0x81,0x8F,0x3F,0x7C,0x80,0xEF,0xFF,0x3C,0x00,0xF3,0xFF},/*"k",75*/
{0x00,0x00,0x00,0x00,0xF0,0xFF,0xF8,0x3F,0xF8,0xFF,0xFD,0xDF,0xFC,0xFF,0xFF,0xEF,0xF8,0xFF,0xFE,0xFB,0xF0,0x7F,0xFC,0xF9,0x00,0x00,0x00,0xF8,0x00,0x00,0x00,0xF8,0x00,0x00,0x00,0xF8,0x00,0x00,0x00,0xF8,0x00,0x00,0x00,0xF8,0x00,0x00,0x00,0xF8,0x00,0x00,0x00,0xF8,0x00,0x00,0x00,0xF8,0x00,0x00,0x00,0x70,0x00,0x00,0x00,0x20},/*"l",76*/
{0x00,0x00,0x00,0x00,0xE0,0xFF,0xF9,0x3F,0xF8,0xFF,0xFF,0xFF,0xB8,0xFF,0xFB,0x7F,0x78,0xFF,0xF1,0x3F,0xF8,0x00,0x00,0x00,0xF8,0x00,0x00,0x00,0xF8,0xFE,0x03,0x00,0xF8,0xFE,0x07,0x00,0xF8,0xFE,0x03,0x00,0xF8,0x00,0x00,0x00,0xF8,0xF0,0xC7,0x7F,0xF8,0xFC,0xEF,0x7F,0x38,0xFF,0xFF,0xFF,0xC0,0xFF,0xFB,0x7F,0xE0,0xFF,0xF1,0x3F},/*"m",77*/
{0x00,0x00,0x00,0x00,0xF0,0xFF,0xF8,0x3F,0xF8,0xFF,0xFD,0x7F,0xFC,0xFF,0xFF,0xFF,0xF8,0xFF,0xFD,0x7F,0xF0,0xFF,0xF8,0x3F,0x00,0x00,0x00,0x00,0xC0,0x0F,0x00,0x00,0x00,0x7F,0x00,0x00,0x00,0xFC,0x00,0x00,0x00,0x00,0x00,0x00,0xF0,0xFF,0xF8,0x3F,0xF8,0xFF,0xFD,0x7F,0xFC,0xFF,0xFF,0xFF,0xF8,0xFF,0xFD,0x7F,0xF0,0xFF,0xF8,0x3F},/*"n",78*/
{0x00,0x00,0x00,0x00,0xC0,0xFF,0xF8,0x3F,0xC0,0xFF,0xFD,0x9F,0xD8,0xFF,0xFF,0xEF,0xB8,0xFF,0xFF,0xF3,0x78,0xFF,0xFC,0xF9,0xF8,0x00,0x00,0xF8,0xF8,0x00,0x00,0xF8,0xF8,0x00,0x00,0xF8,0xF8,0x00,0x00,0xF8,0xF8,0x00,0x00,0xF8,0xF8,0x00,0x00,0xF8,0x78,0xFF,0xF8,0xFB,0xB8,0xFF,0xFD,0xF7,0xD8,0xFF,0xFF,0xCF,0xC0,0xFF,0xFD,0x1F},/*"o",79*/
{0x00,0x00,0x00,0x00,0xE0,0xFF,0xF1,0x3F,0xE0,0xFF,0xFB,0x7F,0xD8,0xFF,0xFF,0xFF,0xB8,0xFF,0xFD,0x7F,0x78,0xFF,0xFA,0x3F,0xF8,0x80,0x0F,0x00,0xF8,0x80,0x0F,0x00,0xF8,0x80,0x0F,0x00,0xF8,0x80,0x0F,0x00,0xF8,0x80,0x0F,0x00,0xF8,0x80,0x0F,0x00,0xF8,0x00,0x07,0x00,0x38,0xFF,0x04,0x00,0x98,0xFF,0x03,0x00,0xE0,0xFF,0x01,0x00},/*"p",80*/
{0x00,0x00,0x00,0x00,0xC0,0xFF,0xF0,0x1F,0xC0,0xFF,0xF9,0x1F,0xD8,0xFF,0xFF,0xEF,0xB8,0xFF,0xFD,0xF3,0x78,0xFF,0xFC,0xF9,0xF8,0x00,0x00,0xF8,0xF8,0x00,0x00,0xF8,0xF8,0x00,0x00,0xF8,0xF8,0x00,0x00,0xF8,0xF8,0x00,0x00,0xF0,0xF8,0x00,0x00,0xE0,0x78,0xFF,0x30,0xDE,0xB8,0xFF,0x79,0xBE,0xC0,0xFF,0xFF,0x7C,0xC0,0xFF,0xF9,0xF9},/*"q",81*/
{0x00,0x00,0x00,0x00,0xE0,0xFF,0xF1,0x3F,0xE0,0xFF,0xFB,0x7F,0xD8,0xFF,0xFF,0xFF,0xB8,0xFF,0xFD,0x7F,0x78,0xFF,0xFA,0x3F,0xF8,0x80,0x0F,0x00,0xF8,0x80,0x2F,0x00,0xF8,0x80,0x6F,0x00,0xF8,0x80,0xEF,0x01,0xF8,0x80,0xEF,0x07,0xF8,0x80,0xEF,0x0F,0xF8,0x00,0x87,0x3F,0x38,0xFF,0x04,0x7F,0x98,0xFF,0x03,0xFC,0xE0,0xFF,0x01,0xF0},/*"r",82*/
{0x00,0x00,0x00,0x00,0xC0,0x7F,0x00,0x20,0xE0,0xFF,0x01,0x70,0x90,0xFF,0x00,0xF8,0x38,0x3F,0x07,0xF8,0xF8,0x80,0x0F,0xF8,0xF8,0x80,0x0F,0xF8,0xF8,0x80,0x0F,0xF8,0xF8,0x80,0x0F,0xF8,0xF8,0x80,0x0F,0xF8,0xF8,0x80,0x0F,0xF8,0xF8,0x80,0x0F,0xF8,0xF8,0x00,0x0F,0xF8,0xF8,0x00,0xF2,0xF3,0xF8,0x00,0xF8,0x6F,0x70,0x00,0xF8,0x1F},/*"s",83*/
{0x00,0x00,0x00,0x00,0x20,0x00,0x00,0x00,0x70,0x00,0x00,0x00,0xF8,0x00,0x00,0x00,0xF8,0x00,0x00,0x00,0xF8,0x00,0x00,0x00,0xF8,0x00,0x00,0x00,0xF8,0xFE,0xF0,0x3F,0xF8,0xFE,0xF9,0x7F,0xF8,0xFE,0xFF,0xFF,0xF8,0xFE,0xF9,0x7F,0xF8,0xFE,0xF0,0x3F,0xF8,0x00,0x00,0x00,0xF8,0x00,0x00,0x00,0xF8,0x00,0x00,0x00,0xF8,0x00,0x00,0x00},/*"t",84*/
{0x00,0x00,0x00,0x00,0xF0,0xFF,0xF8,0x3F,0xF8,0xFF,0xFD,0x1F,0xFC,0xFF,0xFF,0xCF,0xF8,0xFF,0xFE,0xF3,0xF0,0x7F,0xFC,0xF9,0x00,0x00,0x00,0xF8,0x00,0x00,0x00,0xF8,0x00,0x00,0x00,0xF8,0x00,0x00,0x00,0xF8,0x00,0x00,0x00,0xF8,0x00,0x00,0x00,0xF8,0xF0,0x7F,0xFC,0xF9,0xF8,0xFF,0xFE,0xE3,0xFC,0xFF,0xFF,0xC7,0xF8,0xFF,0xFE,0x0F},/*"u",85*/
{0x00,0x00,0x00,0x00,0xF0,0xFF,0x01,0x00,0xFC,0xFF,0x03,0x00,0xFC,0xFF,0xF3,0x01,0xF0,0xFF,0xF1,0x07,0x00,0x00,0xC0,0x0F,0x00,0x00,0x80,0x1F,0x00,0x00,0x00,0x3F,0x00,0x00,0x00,0xFC,0x00,0x00,0x00,0x00,0x00,0x00,0x00,0x7E,0x00,0x00,0x00,0x3F,0x00,0x00,0x80,0x1F,0xF0,0xFF,0xE1,0x07,0xFC,0xFF,0xF3,0x03,0xFC,0xFF,0xF3,0x00},/*"v",86*/
{0x00,0x00,0x00,0x00,0xF0,0xFF,0xF8,0x3F,0xF8,0xFF,0xFD,0x1F,0xFC,0xFF,0xFF,0xCF,0xF8,0xFF,0xFE,0xF3,0xF0,0x7F,0xFC,0xF9,0x00,0x00,0x00,0xF8,0x00,0x00,0xF8,0xFB,0x00,0x00,0xFC,0xFB,0x00,0x00,0xFC,0xFB,0x00,0x00,0xF8,0xFB,0x00,0x00,0x00,0xF8,0x00,0x00,0x00,0xF8,0xF0,0x7F,0xF8,0xFB,0xF8,0xFF,0xFE,0xE7,0xFC,0xFF,0xFF,0xCF},/*"w",87*/
{0x00,0x00,0x00,0x00,0xF0,0x00,0x00,0xF0,0xF0,0x03,0x00,0xFC,0xF0,0x07,0x00,0xFE,0xE0,0x1F,0x80,0x7F,0x80,0x3F,0xC0,0x1F,0x00,0xFF,0xF0,0x0F,0x00,0xFE,0xF0,0x07,0x00,0x00,0x03,0x00,0x00,0xFC,0xF2,0x03,0x00,0xFF,0xF0,0x0F,0x80,0x7F,0xE0,0x1F,0xC0,0x1F,0x80,0x3F,0xF0,0x0F,0x00,0xFF,0xF0,0x07,0x00,0xFE,0xF0,0x03,0x00,0xFC},/*"x",88*/
{0x00,0x00,0x00,0x00,0xF0,0xFF,0x00,0x20,0xFC,0xFF,0x03,0x70,0xFC,0xFF,0x01,0xF8,0xF0,0xFF,0x02,0xF8,0x00,0x00,0x0F,0xF8,0x00,0x80,0x0F,0xF8,0x00,0x80,0x0F,0xF8,0x00,0x80,0x0F,0xF8,0x00,0x80,0x0F,0xF8,0x00,0x80,0x0F,0xF8,0x00,0x80,0x0F,0xF8,0xF0,0xFF,0xFA,0xFB,0xF8,0xFF,0xFD,0xE7,0xFC,0xFF,0xFF,0xCF,0xF8,0xFF,0xFD,0x3F},/*"y",89*/
{0x00,0x00,0x00,0x00,0x00,0x00,0x00,0x20,0x70,0x00,0x00,0x70,0xF8,0x00,0x00,0xF8,0xF8,0x00,0x00,0xFA,0xF8,0x00,0x80,0xFB,0xF8,0x00,0xC0,0xFB,0xF8,0x00,0xF0,0xFB,0xF8,0x00,0xF8,0xFB,0xF8,0x00,0xFE,0xF9,0xF8,0x00,0xFF,0xF8,0xF8,0x80,0x3F,0xF8,0xF8,0xE0,0x1F,0xF8,0xF8,0xF0,0x0F,0xF8,0xF8,0xFC,0x03,0xF8,0x70,0xFE,0x01,0xF8},/*"z",90*/
{0x00,0x00,0x00,0x00,0x00,0x00,0x07,0x00,0x00,0x80,0x0F,0x00,0x00,0xFF,0xFF,0x07,0x80,0xFF,0xFF,0x0F,0xC0,0x7F,0xF8,0x1F,0x20,0x3F,0xE0,0x27,0xF8,0x00,0x00,0xF8,0xF8,0x00,0x00,0xF8,0xF8,0x00,0x00,0xF8,0x70,0x00,0x00,0x70,0x20,0x00,0x00,0x20,0x00,0x00,0x00,0x00,0x00,0x00,0x00,0x00,0x00,0x00,0x00,0x00,0x00,0x00,0x00,0x00},/*"{",91*/
{0x00,0x00,0x00,0x00,0xC0,0x3F,0xF0,0x0F,0xF0,0x7F,0xF8,0x3F,0xF0,0x7F,0xF8,0x3F,0xC0,0x3F,0xF0,0x0F,0x00,0x00,0x00,0x00,0x00,0x00,0x00,0x00,0x00,0x00,0x00,0x00,0x00,0x00,0x00,0x00,0x00,0x00,0x00,0x00,0x00,0x00,0x00,0x00,0x00,0x00,0x00,0x00,0x00,0x00,0x00,0x00,0x00,0x00,0x00,0x00,0x00,0x00,0x00,0x00,0x00,0x00,0x00,0x00},/*"|",92*/
{0x00,0x00,0x00,0x00,0x20,0x00,0x00,0x20,0x70,0x00,0x00,0x70,0xF8,0x00,0x00,0xF8,0xF8,0x00,0x00,0xF8,0xF8,0x00,0x00,0xF8,0x20,0x7F,0xF0,0x27,0xC0,0xFF,0xF8,0x0F,0x80,0xFF,0xFF,0x0F,0x00,0xFF,0xFF,0x07,0x00,0x80,0x0F,0x00,0x00,0x00,0x02,0x00,0x00,0x00,0x00,0x00,0x00,0x00,0x00,0x00,0x00,0x00,0x00,0x00,0x00,0x00,0x00,0x00},/*"}",93*/
{0x00,0x00,0x00,0x00,0xC0,0x01,0x00,0x00,0xE0,0x01,0x00,0x00,0xF0,0x01,0x00,0x00,0x78,0x00,0x00,0x00,0x78,0x00,0x00,0x00,0xF0,0x00,0x00,0x00,0xE0,0x01,0x00,0x00,0xE0,0x01,0x00,0x00,0xF0,0x00,0x00,0x00,0x78,0x00,0x00,0x00,0x38,0x00,0x00,0x00,0x00,0x00,0x00,0x00,0x00,0x00,0x00,0x00,0x00,0x00,0x00,0x00,0x00,0x00,0x00,0x00},/*"~",94*/
};
//等下，上午精神状态还不错 干点麻烦的事情
//整理字库下午在做吧(8:43)
//把示波器代码移植来了 但不会改
//先做菜单和UI界面....(11:31)



#endif
